cluster,scheduler,seed,arrival,phase,makespan,imbalance,epsilon,locality
skewed_8,HEFT,1,2.40485106849182,light,3.761340940373972,1.0141047234287697,0.0,0.75
skewed_8,HEFT,1,4.496035310399176,light,7.56227172595907,0.8142979036893236,0.0,0.5714285714285714
skewed_8,HEFT,1,30.405816514231837,light,2.225666936236067,0.8579462536826257,0.0,0.6
skewed_8,HEFT,1,45.99016289736639,light,3.0639629401158146,0.6876967824551543,0.0,0.6666666666666666
skewed_8,HEFT,1,67.29817910807603,light,2.365130599973014,0.5927431970402656,0.0,0.8461538461538461
skewed_8,HEFT,1,67.81597281579386,light,2.859313512544688,0.37812883967979866,0.0,0.6428571428571429
skewed_8,HEFT,1,87.14771312269748,light,5.59644892073139,0.3971845447683243,0.0,0.625
skewed_8,HEFT,1,91.32492174722579,light,2.3292526020860436,0.39097287103695627,0.0,0.7272727272727273
skewed_8,HEFT,1,98.39475426267819,light,3.2312173337287646,0.3810690168503812,0.0,0.6666666666666666
skewed_8,HEFT,1,141.904087535344,light,1.8119024379124937,0.408887056370053,0.0,0.6666666666666666
skewed_8,HEFT,1,145.332083654438,light,4.006977248467507,0.4137394106971014,0.0,0.5555555555555556
skewed_8,HEFT,1,167.98625065609883,light,3.5343738485895244,0.41194993322480344,0.0,0.6875
skewed_8,HEFT,1,213.91592014891984,light,3.197069630762769,0.44267470053590746,0.0,0.8181818181818182
skewed_8,HEFT,1,219.94089878439226,light,4.885134525201238,0.37822296719872683,0.0,0.5625
skewed_8,HEFT,1,228.271052663714,light,4.094849154729928,0.37845111932173714,0.0,0.7142857142857143
skewed_8,HEFT,1,237.18724379705148,light,2.0467155979533516,0.3795134932613739,0.0,0.38461538461538464
skewed_8,HEFT,1,238.69451753986417,light,3.6215662865324987,0.37915115631332896,0.0,0.4444444444444444
skewed_8,HEFT,1,269.23249483322235,light,4.491260226286329,0.3863474923955675,0.0,0.7333333333333333
skewed_8,HEFT,1,269.97351487544864,light,7.7036500443552995,0.006911592384884843,0.0,0.7142857142857143
skewed_8,HEFT,1,287.33567678555664,light,0.9166939359682829,0.02323101594632113,0.0,0.8333333333333334
skewed_8,HEFT,1,300.2639684740559,light,2.9817099185558504,0.05199698517725654,0.0,0.7857142857142857
skewed_8,HEFT,1,310.41843260987145,burst,9.692603025297274,0.0741021529494233,0.0,0.6428571428571429
skewed_8,HEFT,1,313.0653157241566,burst,19.23863059581896,0.07735024871831507,0.0,0.4444444444444444
skewed_8,HEFT,1,318.0732029977274,burst,21.609304821512808,0.012499476604241127,0.0,0.4666666666666667
skewed_8,HEFT,1,324.8741994921314,burst,18.655951610227135,0.011456024252686017,0.0,0.4
skewed_8,HEFT,1,330.46929332033966,burst,14.636858803531823,0.011548327484985068,0.0,0.5555555555555556
skewed_8,HEFT,1,333.5223891846825,burst,20.17818961726374,0.019717592626184215,0.0,0.6111111111111112
skewed_8,HEFT,1,334.18708080353167,burst,14.790690208303772,0.012784915273248125,0.0,0.75
skewed_8,HEFT,1,340.3322360136486,burst,21.817623921420363,0.013037544808454465,0.0,0.42857142857142855
skewed_8,HEFT,1,340.38112605230765,burst,15.21395036835952,0.010691678933715885,0.0,0.5
skewed_8,HEFT,1,341.061422642891,burst,19.477184142329293,0.013667843761535878,0.0,0.4
skewed_8,HEFT,1,351.18033064796117,burst,16.666322035721294,0.008658794365919419,0.0,0.45454545454545453
skewed_8,HEFT,1,355.2228745448065,burst,17.198359041299227,0.009932709637564974,0.0,0.4444444444444444
skewed_8,HEFT,1,356.6248500836989,burst,15.219741828074746,0.013218560729562415,0.0,0.5
skewed_8,HEFT,1,359.00347212258936,burst,14.245072874153152,0.007416504740621668,0.0,0.6666666666666666
skewed_8,HEFT,1,359.0635588480776,burst,10.112708887957012,0.006585418879575268,0.0,0.5
skewed_8,HEFT,1,363.1283720504044,burst,11.804099330461383,0.004037633133741974,0.0,0.4
skewed_8,HEFT,1,368.45687762271075,burst,9.905358063237088,0.0067753133248123106,0.0,0.5
skewed_8,HEFT,1,370.1314051440857,burst,12.829147256173655,0.011359260339969285,0.0,0.6428571428571429
skewed_8,HEFT,1,370.33335117281473,burst,12.610587968621871,0.003814850761203674,0.0,0.5
skewed_8,HEFT,1,371.55281971789765,burst,13.28370207698623,0.011748557910527396,0.0,0.7142857142857143
skewed_8,HEFT,1,372.1268917222074,burst,17.624455191996276,0.008684862846955523,0.0,0.375
skewed_8,HEFT,1,377.8320542985591,burst,12.57432162078112,0.00472260091189014,0.0,0.4
skewed_8,HEFT,1,381.0834258302367,burst,6.301700470989033,0.003746538836479523,0.0,0.6666666666666666
skewed_8,HEFT,1,383.9229855890369,burst,8.392432071056362,0.009768772187504448,0.0,0.625
skewed_8,HEFT,1,393.1892444242728,burst,10.395209897253892,0.00376394385502737,0.0,0.25
skewed_8,HEFT,1,396.3461804965384,burst,6.470308097827171,0.004439311321134643,0.0,0.5
skewed_8,HEFT,1,402.84175102466054,burst,11.586343573058286,0.0075025675432178664,0.0,0.375
skewed_8,HEFT,1,404.7110416890446,burst,14.926176359561055,0.008059712071025465,0.0,0.45454545454545453
skewed_8,HEFT,1,406.11559360695577,burst,15.355158815789764,0.005331339452518387,0.0,0.5714285714285714
skewed_8,HEFT,1,407.006958726302,burst,15.874080142888715,0.012267711682712156,0.0,0.5714285714285714
skewed_8,HEFT,1,415.0702309086871,burst,14.52835086370635,0.005617815583984477,0.0,0.6111111111111112
skewed_8,HEFT,1,421.20250704907545,burst,11.866267048251416,0.004664578447049233,0.0,0.625
skewed_8,HEFT,1,427.937732754254,burst,15.832619064774008,0.011200722260120307,0.0,0.8
skewed_8,HEFT,1,428.42248550734973,burst,19.452266527029906,0.012267704961043473,0.0,0.2857142857142857
skewed_8,HEFT,1,428.6758534589876,burst,18.857099537974193,0.0058273380165302065,0.0,0.375
skewed_8,HEFT,1,429.08190910017066,burst,15.880012133421815,0.008665768800880975,0.0,0.5555555555555556
skewed_8,HEFT,1,431.90120651799486,burst,14.54400943622204,0.005975108708043536,0.0,0.5555555555555556
skewed_8,HEFT,1,439.2821478139949,burst,11.88196158363587,0.00520122707218131,0.0,0.7333333333333333
skewed_8,HEFT,1,446.8511252811305,burst,13.430983208872192,0.006161767440172484,0.0,0.375
skewed_8,HEFT,1,450.02139621144084,burst,6.72160060518587,0.00507502101009974,0.0,0.5
skewed_8,HEFT,1,450.93457803603513,burst,10.468506094746488,0.008226449092203342,0.0,0.25
skewed_8,HEFT,1,451.5451848755927,burst,12.208139075808049,0.004185733088237686,0.0,0.25
skewed_8,HEFT,1,459.60010294466326,burst,19.829749909210705,0.013207448108985715,0.0,0.5
skewed_8,HEFT,1,462.2633443997587,burst,15.657801700298137,0.006448373610213101,0.0,0.5
skewed_8,HEFT,1,463.53624500401924,burst,11.386498149645035,0.004673760895629965,0.0,0.5
skewed_8,HEFT,1,466.56209127953707,burst,9.446688701199207,0.0031915822496438673,0.0,0.5
skewed_8,HEFT,1,474.71663556997123,burst,12.727988183030448,0.00873629250782673,0.0,0.6666666666666666
skewed_8,HEFT,1,475.6758550449455,burst,18.478184038137897,0.008306299609994728,0.0,0.5
skewed_8,HEFT,1,477.78533104969483,burst,16.796034827607173,0.00872296040292316,0.0,0.25
skewed_8,HEFT,1,478.52587739687607,burst,11.853691928483727,0.004453723835586906,0.0,0.5
skewed_8,HEFT,1,478.84203596151053,burst,10.939494270769615,0.004970909759728288,0.0,0.375
skewed_8,HEFT,1,490.1725097796844,burst,12.939308825615399,0.0044968050178671864,0.0,0.375
skewed_8,HEFT,1,491.52906425592954,burst,11.189818356158867,0.007276792389808443,0.0,0.7
skewed_8,HEFT,1,492.4662887380711,burst,9.11279272576678,0.005585098607918443,0.0,0.5
skewed_8,HEFT,1,495.13691713660876,burst,13.10870348317519,0.0058068140461753764,0.0,0.42857142857142855
skewed_8,HEFT,1,499.76762905942985,burst,8.19217887157572,0.004993986353606284,0.0,0.6666666666666666
skewed_8,HEFT,1,502.08766388507365,burst,14.447812276055288,0.007294909931982052,0.0,0.5714285714285714
skewed_8,HEFT,1,507.0778059596189,burst,17.778678647838092,0.010596880791963569,0.0,0.45454545454545453
skewed_8,HEFT,1,507.4545786000039,burst,22.292059192914394,0.008066904444680046,0.0,0.5
skewed_8,HEFT,1,507.9046386190492,burst,14.15667673872747,0.0058993279896497695,0.0,0.6
skewed_8,HEFT,1,512.9478462084874,burst,20.145807455726185,0.007047266473981039,0.0,0.5
skewed_8,HEFT,1,519.0714540136929,burst,11.904747971361985,0.006237459715183232,0.0,0.5
skewed_8,HEFT,1,520.9606464561078,burst,14.749648757961609,0.004130748226673756,0.0,0.6
skewed_8,HEFT,1,521.9311017098074,burst,12.335760373197445,0.007577628601321206,0.0,0.5714285714285714
skewed_8,HEFT,1,524.5873904970161,burst,13.524088350214697,0.008675804345389879,0.0,0.375
skewed_8,HEFT,1,526.2663964962271,burst,16.23202957374383,0.0022822127625975433,0.0,0.5
skewed_8,HEFT,1,535.2587150509589,burst,17.322085038117052,0.009873566671646159,0.0,0.5
skewed_8,HEFT,1,535.7548139216382,burst,14.15296074896753,0.0031819623710053146,0.0,0.45454545454545453
skewed_8,HEFT,1,538.5224074297097,burst,10.961883467554117,0.004047711799624427,0.0,0.4444444444444444
skewed_8,HEFT,1,539.1740799896395,burst,10.930269641630161,0.004117758895742928,0.0,0.5
skewed_8,HEFT,1,542.5713613939081,burst,13.34117096987086,0.005518941032768679,0.0,0.42857142857142855
skewed_8,HEFT,1,553.024388321631,burst,17.762753225156416,0.005769982315157949,0.0,0.6111111111111112
skewed_8,HEFT,1,561.3492688967424,burst,8.961014002081129,0.004054924352884,0.0,0.5
skewed_8,HEFT,1,566.1509866380918,burst,15.615964480528419,0.005380641858119224,0.0,0.7
skewed_8,HEFT,1,567.3965824314713,burst,11.552430260819278,0.0064774052108069234,0.0,0.5
skewed_8,HEFT,1,571.4241074768798,burst,12.36393916745817,0.002654005883493075,0.0,0.5
skewed_8,HEFT,1,582.1602681196438,burst,15.52124425065199,0.007834894658612798,0.0,0.3333333333333333
skewed_8,HEFT,1,582.9783116085599,burst,10.56138026852227,0.005913199530861591,0.0,0.75
skewed_8,HEFT,1,586.7935160346323,burst,17.789175801217993,0.005464567295155781,0.0,0.4
skewed_8,HEFT,1,589.4126873057335,burst,12.688561182002218,0.0057212903077566435,0.0,0.375
skewed_8,HEFT,1,592.712913314333,burst,20.191329396481137,0.006616806579932462,0.0,0.3
skewed_8,HEFT,1,604.3168056351491,burst,16.7297313727654,0.008634412492527464,0.0,0.5555555555555556
skewed_8,HEFT,1,608.2427589315836,mr,20.80063772775668,0.003948065858189858,0.0,0.5
skewed_8,HEFT,1,626.9985087533674,mr,11.45632785852581,0.00410505806714394,0.0,0.3333333333333333
skewed_8,HEFT,1,627.8988596510487,mr,11.634007218563966,0.0022938101722712384,0.0,0.6666666666666666
skewed_8,HEFT,1,631.6610781305573,mr,10.0767663476272,0.005413393938317472,0.0,0.75
skewed_8,HEFT,1,633.8295884688899,mr,12.699728688943082,0.004266697809959608,0.0,0.5555555555555556
skewed_8,HEFT,1,637.6804547732984,mr,10.14974662061718,0.0029791332042076912,0.0,0.25
skewed_8,HEFT,1,639.2233554466878,mr,8.866900254146344,0.0024413923648093677,0.0,0.4444444444444444
skewed_8,HEFT,1,645.0984011560851,mr,7.344546566697886,0.003058183794482544,0.0,0.3333333333333333
skewed_8,HEFT,1,648.0420094075467,mr,8.813052331767608,0.0034749418562934923,0.0,0.6666666666666666
skewed_8,HEFT,1,662.1179132111467,mr,4.064792016373417,0.002237869522861133,0.0,0.6666666666666666
skewed_8,HEFT,1,667.7336692205542,mr,4.979206447331308,0.0021033642098878614,0.0,0.42857142857142855
skewed_8,HEFT,1,672.3596052495283,mr,10.14405308801281,0.0040264847763036545,0.0,0.4
skewed_8,HEFT,1,674.9669421112076,mr,7.821675637904946,0.0018972963051320834,0.0,0.7272727272727273
skewed_8,HEFT,1,680.1335961814996,mr,7.4186188027240405,0.0020612243766973256,0.0,0.5714285714285714
skewed_8,HEFT,1,680.9337149982318,mr,9.522155853705499,0.004816471562531366,0.0,0.42857142857142855
skewed_8,HEFT,1,687.6625093279575,mr,9.988135968925349,0.003283750278023194,0.0,0.6666666666666666
skewed_8,HEFT,1,689.1408001361905,mr,14.385083875549867,0.0047355357208829565,0.0,0.5454545454545454
skewed_8,HEFT,1,697.4424205589062,mr,9.761927484848911,0.0029461626445981964,0.0,0.5714285714285714
skewed_8,HEFT,1,704.8101199200481,mr,8.118108099253618,0.00196109320945482,0.0,0.36363636363636365
skewed_8,HEFT,1,708.5094433067006,mr,7.491336794625909,0.0024008247161479332,0.0,0.6111111111111112
skewed_8,HEFT,1,716.5249099763913,mr,11.00422608428255,0.006150919856454592,0.0,0.5555555555555556
skewed_8,HEFT,1,739.2674460312743,mr,6.204332021557775,0.00814166312663052,0.0,0.5555555555555556
skewed_8,HEFT,1,749.3270925188037,mr,5.221248449536915,0.012197785548935206,0.0,0.7142857142857143
skewed_8,HEFT,1,760.5881753400641,mr,6.560996269871566,0.019761021421325638,0.0,0.6
skewed_8,HEFT,1,764.1186200270017,mr,7.498373142670857,0.022053052396434344,0.0,0.6
skewed_8,HEFT,1,768.5366303353724,mr,7.181679909321701,0.024670760228614124,0.0,0.5
skewed_8,HEFT,1,774.4909709818825,mr,3.7524127422528863,0.026176910840631767,0.0,0.6666666666666666
skewed_8,HEFT,1,775.6862553892065,mr,7.3511118373025965,0.027913843795014145,0.0,0.5714285714285714
skewed_8,HEFT,1,782.4230940329466,mr,5.167446002472843,0.029431085803529582,0.0,0.7142857142857143
skewed_8,HEFT,1,796.901618664032,mr,4.668612582480364,0.03683337100790409,0.0,0.6666666666666666
skewed_8,HEFT,1,801.6779822868573,mr,7.180765193173102,0.040257752138585214,0.0,0.6666666666666666
skewed_8,HEFT,1,807.9496712418162,mr,4.390786249524922,0.04256335749497508,0.0,0.625
skewed_8,HEFT,1,818.3466166541726,mr,9.500570258465814,0.050063580865073475,0.0,0.625
skewed_8,HEFT,1,840.4691249241513,mr,3.822899172467828,0.058019398167689334,0.0,0.7
skewed_8,HEFT,1,843.9035632871318,mr,7.510328445375762,0.05989684241325522,0.0,0.9090909090909091
skewed_8,HEFT,1,854.1637977069333,mr,4.030546579675729,0.06456421330430426,0.0,0.6666666666666666
skewed_8,HEFT,1,858.071968941704,mr,7.357947813360624,0.0672237448467719,0.0,0.7142857142857143
skewed_8,HEFT,1,862.172368801492,mr,5.380818394664743,0.07069523154530098,0.0,0.5714285714285714
skewed_8,HEFT,1,865.1589775814797,mr,7.951954796950304,0.07225277025028291,0.0,0.6666666666666666
skewed_8,HEFT,1,872.7844092664135,mr,3.454550857607728,0.07395452811425852,0.0,0.6666666666666666
skewed_8,HEFT,1,890.3813818639535,mr,6.169356425809383,0.07786447407942992,0.0,0.8333333333333334
skewed_8,HEFT,1,898.0467042697198,mr,6.707314857904862,0.08391709000237206,0.0,0.7
skewed_8,HEFT-LC,1,2.40485106849182,light,3.9942715205458565,0.6207878217900348,0.05,0.5
skewed_8,HEFT-LC,1,4.496035310399176,light,7.847943763531097,0.4507865804990689,0.05,0.5
skewed_8,HEFT-LC,1,30.405816514231837,light,4.202571818201022,0.030696498271533847,0.05,0.1
skewed_8,HEFT-LC,1,45.99016289736639,light,5.568548823491788,0.01592162165916794,0.05,0.25
skewed_8,HEFT-LC,1,67.29817910807603,light,4.457425125048289,0.01226179351621214,0.05,0.6923076923076923
skewed_8,HEFT-LC,1,67.81597281579386,light,5.247993360547412,0.009486836338613427,0.05,0.42857142857142855
skewed_8,HEFT-LC,1,87.14771312269748,light,15.022022781735586,0.029404069691630175,0.05,0.375
skewed_8,HEFT-LC,1,91.32492174722579,light,5.484049129655915,0.019091633956883448,0.05,0.45454545454545453
skewed_8,HEFT-LC,1,98.39475426267819,light,8.770509092704074,0.01421146448780046,0.05,0.5
skewed_8,HEFT-LC,1,141.904087535344,light,3.6111607369044805,0.006931190344361606,0.05,0.3333333333333333
skewed_8,HEFT-LC,1,145.332083654438,light,8.798908092064664,0.016802806097208415,0.05,0.3333333333333333
skewed_8,HEFT-LC,1,167.98625065609883,light,10.246441136700696,0.007924453476820892,0.05,0.375
skewed_8,HEFT-LC,1,213.91592014891984,light,8.703025163999087,0.009321738798176224,0.05,0.36363636363636365
skewed_8,HEFT-LC,1,219.94089878439226,light,8.100533971374091,0.005242696368498409,0.05,0.4375
skewed_8,HEFT-LC,1,228.271052663714,light,8.450309698664398,0.006399845288667092,0.05,0.5
skewed_8,HEFT-LC,1,237.18724379705148,light,4.883522323873649,0.004463243316481592,0.05,0.3076923076923077
skewed_8,HEFT-LC,1,238.69451753986417,light,10.074853512439006,0.012959096228170338,0.05,0.3333333333333333
skewed_8,HEFT-LC,1,269.23249483322235,light,10.318844897921622,0.00575609830991103,0.05,0.26666666666666666
skewed_8,HEFT-LC,1,269.97351487544864,light,13.391786524708891,0.009128794833389537,0.05,0.42857142857142855
skewed_8,HEFT-LC,1,287.33567678555664,light,2.116251214949898,0.0023943843141329634,0.05,0.16666666666666666
skewed_8,HEFT-LC,1,300.2639684740559,light,8.251361277342596,0.004846348779236475,0.05,0.07142857142857142
skewed_8,HEFT-LC,1,310.41843260987145,burst,16.915246176470248,0.006377803518890195,0.05,0.07142857142857142
skewed_8,HEFT-LC,1,313.0653157241566,burst,28.905700006793495,0.01783510708827316,0.05,0.2222222222222222
skewed_8,HEFT-LC,1,318.0732029977274,burst,44.85889854417013,0.022384729350741477,0.05,0.4
skewed_8,HEFT-LC,1,324.8741994921314,burst,31.101547738306294,0.016840718884550823,0.05,0.5
skewed_8,HEFT-LC,1,330.46929332033966,burst,20.551606812399427,0.009719537258914425,0.05,0.4444444444444444
skewed_8,HEFT-LC,1,333.5223891846825,burst,35.85057363267691,0.008354416154147167,0.05,0.2222222222222222
skewed_8,HEFT-LC,1,334.18708080353167,burst,10.015391761002263,0.003540400437245382,0.05,0.375
skewed_8,HEFT-LC,1,340.3322360136486,burst,24.089324887516966,0.019454174273111427,0.05,0.2857142857142857
skewed_8,HEFT-LC,1,340.38112605230765,burst,13.508198520716064,0.009601080077374567,0.05,0.7
skewed_8,HEFT-LC,1,341.061422642891,burst,24.851243263289234,0.01202068733044809,0.05,0.4
skewed_8,HEFT-LC,1,351.18033064796117,burst,20.266638571049725,0.005322767382796499,0.05,0.36363636363636365
skewed_8,HEFT-LC,1,355.2228745448065,burst,21.058310590209885,0.012061469512372441,0.05,0.2222222222222222
skewed_8,HEFT-LC,1,356.6248500836989,burst,21.744589628300957,0.00601236282335253,0.05,0.5714285714285714
skewed_8,HEFT-LC,1,359.00347212258936,burst,12.778853569898786,0.0057875221532668625,0.05,0.16666666666666666
skewed_8,HEFT-LC,1,359.0635588480776,burst,8.9555486307043,0.003975497320057278,0.05,0.375
skewed_8,HEFT-LC,1,363.1283720504044,burst,15.70975224355874,0.007702545220543563,0.05,0.2
skewed_8,HEFT-LC,1,368.45687762271075,burst,22.586771022733387,0.010240125155674084,0.05,0.1
skewed_8,HEFT-LC,1,370.1314051440857,burst,23.871287155867606,0.006468986124265223,0.05,0.21428571428571427
skewed_8,HEFT-LC,1,370.33335117281473,burst,16.2110548863551,0.004499688078255233,0.05,0.5
skewed_8,HEFT-LC,1,371.55281971789765,burst,30.275667343380974,0.011244973989855847,0.05,0.14285714285714285
skewed_8,HEFT-LC,1,372.1268917222074,burst,30.40937000531767,0.012629882307889593,0.05,0.5
skewed_8,HEFT-LC,1,377.8320542985591,burst,16.14142655563637,0.007644525210361168,0.05,0.4
skewed_8,HEFT-LC,1,381.0834258302367,burst,5.21360947117671,0.00520247921780581,0.05,0.6666666666666666
skewed_8,HEFT-LC,1,383.9229855890369,burst,21.0635881446741,0.009546295888918211,0.05,0.125
skewed_8,HEFT-LC,1,393.1892444242728,burst,14.91863460956597,0.004078544237124082,0.05,0.25
skewed_8,HEFT-LC,1,396.3461804965384,burst,8.512671347341438,0.0026973341333155648,0.05,0.16666666666666666
skewed_8,HEFT-LC,1,402.84175102466054,burst,15.138721355880307,0.00669835967544985,0.05,0.25
skewed_8,HEFT-LC,1,404.7110416890446,burst,30.228333530399368,0.013037539109786774,0.05,0.36363636363636365
skewed_8,HEFT-LC,1,406.11559360695577,burst,25.666074460267055,0.004406735298162974,0.05,0.5
skewed_8,HEFT-LC,1,407.006958726302,burst,32.32944348855699,0.017957472565237068,0.05,0.14285714285714285
skewed_8,HEFT-LC,1,415.0702309086871,burst,13.730636127670778,0.00923020578327136,0.05,0.8333333333333334
skewed_8,HEFT-LC,1,421.20250704907545,burst,11.72617027540241,0.003467761767286056,0.05,0.125
skewed_8,HEFT-LC,1,427.937732754254,burst,20.34006892216837,0.005101202782828475,0.05,0.4666666666666667
skewed_8,HEFT-LC,1,428.42248550734973,burst,23.525120224752072,0.010437519293760692,0.05,0.2857142857142857
skewed_8,HEFT-LC,1,428.6758534589876,burst,12.614957122334545,0.005231831104155087,0.05,0.75
skewed_8,HEFT-LC,1,429.08190910017066,burst,23.690926976236483,0.007230624134918643,0.05,0.4444444444444444
skewed_8,HEFT-LC,1,431.90120651799486,burst,15.265153812054336,0.00405937233147474,0.05,0.4444444444444444
skewed_8,HEFT-LC,1,439.2821478139949,burst,25.829213641435103,0.0074021177333154975,0.05,0.5333333333333333
skewed_8,HEFT-LC,1,446.8511252811305,burst,17.043129692728485,0.008342122643251283,0.05,0.375
skewed_8,HEFT-LC,1,450.02139621144084,burst,7.215095652284049,0.005109308063593592,0.05,0.5
skewed_8,HEFT-LC,1,450.93457803603513,burst,16.105689366773163,0.004526512850270116,0.05,0.5
skewed_8,HEFT-LC,1,451.5451848755927,burst,10.750449989434856,0.004130500528893523,0.05,0.25
skewed_8,HEFT-LC,1,459.60010294466326,burst,40.6856037873622,0.015518413881773085,0.05,0.4166666666666667
skewed_8,HEFT-LC,1,462.2633443997587,burst,14.11160684467211,0.01044540457030146,0.05,0.6
skewed_8,HEFT-LC,1,463.53624500401924,burst,13.001078603022734,0.006229859931306476,0.05,0.5
skewed_8,HEFT-LC,1,466.56209127953707,burst,7.274178183821505,0.004184855275401413,0.05,0.3333333333333333
skewed_8,HEFT-LC,1,474.71663556997123,burst,25.143598362375656,0.00783356464724584,0.05,0.5555555555555556
skewed_8,HEFT-LC,1,475.6758550449455,burst,34.2129698094509,0.0068581348647429215,0.05,0.3888888888888889
skewed_8,HEFT-LC,1,477.78533104969483,burst,20.904176750693523,0.0044963134440580855,0.05,0.375
skewed_8,HEFT-LC,1,478.52587739687607,burst,12.434853115986016,0.0023181919970835445,0.05,0.375
skewed_8,HEFT-LC,1,478.84203596151053,burst,10.991986909297339,0.002166389449814099,0.05,0.125
skewed_8,HEFT-LC,1,490.1725097796844,burst,14.275683078061547,0.0061527749198589145,0.05,0.375
skewed_8,HEFT-LC,1,491.52906425592954,burst,23.34752066584406,0.0060583231530977645,0.05,0.1
skewed_8,HEFT-LC,1,492.4662887380711,burst,6.043065535232813,0.0037488895165202502,0.05,0.5
skewed_8,HEFT-LC,1,495.13691713660876,burst,14.993334801659216,0.004663956081458529,0.05,0.2857142857142857
skewed_8,HEFT-LC,1,499.76762905942985,burst,12.23528116595378,0.002414811091673631,0.05,0.5
skewed_8,HEFT-LC,1,502.08766388507365,burst,26.916675212157884,0.010898581462614177,0.05,0.14285714285714285
skewed_8,HEFT-LC,1,507.0778059596189,burst,19.865106746786523,0.0041658551633920755,0.05,0.45454545454545453
skewed_8,HEFT-LC,1,507.4545786000039,burst,31.921226914565523,0.008681488459407721,0.05,0.3333333333333333
skewed_8,HEFT-LC,1,507.9046386190492,burst,9.670052865364141,0.005616550651603696,0.05,0.3
skewed_8,HEFT-LC,1,512.9478462084874,burst,33.56549487183702,0.005907324028385341,0.05,0.2222222222222222
skewed_8,HEFT-LC,1,519.0714540136929,burst,20.516539675583772,0.004096452222631747,0.05,0.5
skewed_8,HEFT-LC,1,520.9606464561078,burst,14.70536110908688,0.003138380075796604,0.05,0.1
skewed_8,HEFT-LC,1,521.9311017098074,burst,26.69206452466085,0.003465722181158561,0.05,0.5
skewed_8,HEFT-LC,1,524.5873904970161,burst,17.78982416693418,0.004283268080154202,0.05,0.25
skewed_8,HEFT-LC,1,526.2663964962271,burst,12.964195626408014,0.002230209688012529,0.05,0.5
skewed_8,HEFT-LC,1,535.2587150509589,burst,39.011673077524506,0.012557150556860712,0.05,0.2
skewed_8,HEFT-LC,1,535.7548139216382,burst,13.147776150381674,0.008527325849767951,0.05,0.8181818181818182
skewed_8,HEFT-LC,1,538.5224074297097,burst,13.668868448177022,0.0041462307213866395,0.05,0.4444444444444444
skewed_8,HEFT-LC,1,539.1740799896395,burst,16.197307690041725,0.0022551693026961507,0.05,0.5
skewed_8,HEFT-LC,1,542.5713613939081,burst,18.66432377712033,0.0024498526765315684,0.05,0.07142857142857142
skewed_8,HEFT-LC,1,553.024388321631,burst,25.902085653899235,0.0028446587816483345,0.05,0.1111111111111111
skewed_8,HEFT-LC,1,561.3492688967424,burst,8.141719309836617,0.0011515409070459782,0.05,0.5
skewed_8,HEFT-LC,1,566.1509866380918,burst,23.792606076676634,0.005689806831392413,0.05,0.1
skewed_8,HEFT-LC,1,567.3965824314713,burst,17.673773282525303,0.0019262534119548864,0.05,0.375
skewed_8,HEFT-LC,1,571.4241074768798,burst,19.1846172131294,0.004247556983775581,0.05,0.2
skewed_8,HEFT-LC,1,582.1602681196438,burst,22.01016718520782,0.004263183935584912,0.05,0.3333333333333333
skewed_8,HEFT-LC,1,582.9783116085599,burst,13.736236899103574,0.001780076131830679,0.05,0.5
skewed_8,HEFT-LC,1,586.7935160346323,burst,21.132019996627832,0.00493564585901091,0.05,0.1
skewed_8,HEFT-LC,1,589.4126873057335,burst,11.935655160982947,0.001942403153287653,0.05,0.5
skewed_8,HEFT-LC,1,592.712913314333,burst,21.925688556146042,0.005127856700599921,0.05,0.2
skewed_8,HEFT-LC,1,604.3168056351491,burst,28.470998575848398,0.005684517703543136,0.05,0.4444444444444444
skewed_8,HEFT-LC,1,608.2427589315836,mr,35.94643285667735,0.006155408908782731,0.05,0.21428571428571427
skewed_8,HEFT-LC,1,626.9985087533674,mr,12.515997085828303,0.003148343164690715,0.05,0.5555555555555556
skewed_8,HEFT-LC,1,627.8988596510487,mr,13.51702988799866,0.002146521649101551,0.05,0.7777777777777778
skewed_8,HEFT-LC,1,631.6610781305573,mr,11.706668603387016,0.0019292572900162241,0.05,0.5
skewed_8,HEFT-LC,1,633.8295884688899,mr,16.017981369554036,0.003530781271603735,0.05,0.4444444444444444
skewed_8,HEFT-LC,1,637.6804547732984,mr,10.20817213434998,0.0012836446366103575,0.05,0.625
skewed_8,HEFT-LC,1,639.2233554466878,mr,8.00009601330612,0.001593526873919778,0.05,0.4444444444444444
skewed_8,HEFT-LC,1,645.0984011560851,mr,10.74118958132135,0.002311020954874178,0.05,0.4444444444444444
skewed_8,HEFT-LC,1,648.0420094075467,mr,13.493993650617767,0.0021843250957439744,0.05,0.3333333333333333
skewed_8,HEFT-LC,1,662.1179132111467,mr,5.729167665022715,0.0009702096667528564,0.05,0.5
skewed_8,HEFT-LC,1,667.7336692205542,mr,6.943614446144011,0.0016581768486295786,0.05,0.2857142857142857
skewed_8,HEFT-LC,1,672.3596052495283,mr,19.26978838912578,0.004829418683005936,0.05,0.4
skewed_8,HEFT-LC,1,674.9669421112076,mr,5.984162115591289,0.0035402563925824534,0.05,0.5454545454545454
skewed_8,HEFT-LC,1,680.1335961814996,mr,7.2075078640048105,0.0014012793476241366,0.05,0.21428571428571427
skewed_8,HEFT-LC,1,680.9337149982318,mr,13.040602634391462,0.003505478684986464,0.05,0.2857142857142857
skewed_8,HEFT-LC,1,687.6625093279575,mr,18.073676668091366,0.0015002798052172691,0.05,0.4444444444444444
skewed_8,HEFT-LC,1,689.1408001361905,mr,22.779707038029528,0.005729899741202711,0.05,0.36363636363636365
skewed_8,HEFT-LC,1,697.4424205589062,mr,18.77383277182298,0.002518298086076123,0.05,0.5
skewed_8,HEFT-LC,1,704.8101199200481,mr,9.4736043856999,0.0008959888052260404,0.05,0.5454545454545454
skewed_8,HEFT-LC,1,708.5094433067006,mr,9.631732834180411,0.0008361867692816139,0.05,0.2777777777777778
skewed_8,HEFT-LC,1,716.5249099763913,mr,15.265389293941553,0.0030240077964860473,0.05,0.2222222222222222
skewed_8,HEFT-LC,1,739.2674460312743,mr,14.61998710474154,0.0021868014488971373,0.05,0.6666666666666666
skewed_8,HEFT-LC,1,749.3270925188037,mr,8.16628836468226,0.0013367137872228093,0.05,0.42857142857142855
skewed_8,HEFT-LC,1,760.5881753400641,mr,12.97248846790876,0.002143260592389717,0.05,0.3
skewed_8,HEFT-LC,1,764.1186200270017,mr,16.631114101664707,0.0026921455987350498,0.05,0.4
skewed_8,HEFT-LC,1,768.5366303353724,mr,19.700607411580677,0.0038052739061551055,0.05,0.375
skewed_8,HEFT-LC,1,774.4909709818825,mr,7.666191875087179,0.0024292990094163854,0.05,0.3333333333333333
skewed_8,HEFT-LC,1,775.6862553892065,mr,11.28573846715608,0.0021531418280819007,0.05,0.2857142857142857
skewed_8,HEFT-LC,1,782.4230940329466,mr,12.237369352467567,0.0019327688316088793,0.05,0.42857142857142855
skewed_8,HEFT-LC,1,796.901618664032,mr,10.719014183702257,0.0018570114119670679,0.05,0.4444444444444444
skewed_8,HEFT-LC,1,801.6779822868573,mr,23.834079825692697,0.0058369096608325444,0.05,0.4444444444444444
skewed_8,HEFT-LC,1,807.9496712418162,mr,11.918047594493146,0.00420354672026292,0.05,0.5
skewed_8,HEFT-LC,1,818.3466166541726,mr,12.07065681330505,0.002358817269753597,0.05,0.5
skewed_8,HEFT-LC,1,840.4691249241513,mr,12.692441591684883,0.0014154094309913178,0.05,0.4
skewed_8,HEFT-LC,1,843.9035632871318,mr,21.454883975929306,0.0024479323696609935,0.05,0.18181818181818182
skewed_8,HEFT-LC,1,854.1637977069333,mr,10.994181414708464,0.0013971413156040494,0.05,0.6666666666666666
skewed_8,HEFT-LC,1,858.071968941704,mr,19.748158724235054,0.0031318629214291014,0.05,0.21428571428571427
skewed_8,HEFT-LC,1,862.172368801492,mr,8.954142611981297,0.0014087321869306858,0.05,0.5
skewed_8,HEFT-LC,1,865.1589775814797,mr,22.93384377319626,0.0043987400456615535,0.05,0.3333333333333333
skewed_8,HEFT-LC,1,872.7844092664135,mr,11.963889182839694,0.002442193066597876,0.05,0.6666666666666666
skewed_8,HEFT-LC,1,890.3813818639535,mr,14.149085295633085,0.0032263759132758335,0.05,0.5
skewed_8,HEFT-LC,1,898.0467042697198,mr,12.615754160362485,0.0017679881368687488,0.05,0.5
skewed_8,HEFT-LC+ctrl,1,2.40485106849182,light,3.9942715205458565,0.6207878217900348,0.05,0.5
skewed_8,HEFT-LC+ctrl,1,4.496035310399176,light,7.847943763531097,0.4507865804990689,0.05,0.5
skewed_8,HEFT-LC+ctrl,1,30.405816514231837,light,5.080289441782405,0.04237008797159043,0.08,0.1
skewed_8,HEFT-LC+ctrl,1,45.99016289736639,light,10.188600405831203,0.03445670502624015,0.08,0.16666666666666666
skewed_8,HEFT-LC+ctrl,1,67.29817910807603,light,5.684788568030797,0.018713948995531235,0.11,0.46153846153846156
skewed_8,HEFT-LC+ctrl,1,67.81597281579386,light,5.634577535895701,0.008665046628584925,0.11,0.6428571428571429
skewed_8,HEFT-LC+ctrl,1,87.14771312269748,light,12.154981324712168,0.020611386248622077,0.11,0.3125
skewed_8,HEFT-LC+ctrl,1,91.32492174722579,light,5.548529081645455,0.007310299467346002,0.11,0.2727272727272727
skewed_8,HEFT-LC+ctrl,1,98.39475426267819,light,7.357708912444892,0.013195336051194632,0.11,0.3333333333333333
skewed_8,HEFT-LC+ctrl,1,141.904087535344,light,3.662319040466542,0.005401539333890805,0.11,0.3333333333333333
skewed_8,HEFT-LC+ctrl,1,145.332083654438,light,9.65525722276098,0.014206589192468784,0.08,0.3333333333333333
skewed_8,HEFT-LC+ctrl,1,167.98625065609883,light,9.116792625598094,0.008909392596355136,0.08,0.5
skewed_8,HEFT-LC+ctrl,1,213.91592014891984,light,6.789047168134857,0.007648132351920931,0.05,0.45454545454545453
skewed_8,HEFT-LC+ctrl,1,219.94089878439226,light,9.429758277154747,0.006152868742379342,0.05,0.375
skewed_8,HEFT-LC+ctrl,1,228.271052663714,light,9.651687176493255,0.009762987286788151,0.020000000000000004,0.5
skewed_8,HEFT-LC+ctrl,1,237.18724379705148,light,4.128108002313098,0.0038567649962280496,0.020000000000000004,0.38461538461538464
skewed_8,HEFT-LC+ctrl,1,238.69451753986417,light,4.491390784205777,0.0061567526000714705,0.0,0.5555555555555556
skewed_8,HEFT-LC+ctrl,1,269.23249483322235,light,4.491260226286329,0.06146826039305359,0.0,0.7333333333333333
skewed_8,HEFT-LC+ctrl,1,269.97351487544864,light,7.7036500443552995,0.006911592384884843,0.0,0.7142857142857143
skewed_8,HEFT-LC+ctrl,1,287.33567678555664,light,0.9166939359682829,0.02323101594632113,0.0,0.8333333333333334
skewed_8,HEFT-LC+ctrl,1,300.2639684740559,light,2.9817099185558504,0.05199698517725654,0.0,0.7857142857142857
skewed_8,HEFT-LC+ctrl,1,310.41843260987145,burst,9.692603025297274,0.0741021529494233,0.0,0.6428571428571429
skewed_8,HEFT-LC+ctrl,1,313.0653157241566,burst,19.23863059581896,0.07735024871831507,0.0,0.4444444444444444
skewed_8,HEFT-LC+ctrl,1,318.0732029977274,burst,21.609304821512808,0.012499476604241127,0.0,0.4666666666666667
skewed_8,HEFT-LC+ctrl,1,324.8741994921314,burst,18.655951610227135,0.011456024252686017,0.0,0.4
skewed_8,HEFT-LC+ctrl,1,330.46929332033966,burst,14.636858803531823,0.011548327484985068,0.0,0.5555555555555556
skewed_8,HEFT-LC+ctrl,1,333.5223891846825,burst,20.17818961726374,0.019717592626184215,0.0,0.6111111111111112
skewed_8,HEFT-LC+ctrl,1,334.18708080353167,burst,14.790690208303772,0.012784915273248125,0.0,0.75
skewed_8,HEFT-LC+ctrl,1,340.3322360136486,burst,21.817623921420363,0.013037544808454465,0.0,0.42857142857142855
skewed_8,HEFT-LC+ctrl,1,340.38112605230765,burst,15.21395036835952,0.010691678933715885,0.0,0.5
skewed_8,HEFT-LC+ctrl,1,341.061422642891,burst,19.477184142329293,0.013667843761535878,0.0,0.4
skewed_8,HEFT-LC+ctrl,1,351.18033064796117,burst,16.666322035721294,0.008658794365919419,0.0,0.45454545454545453
skewed_8,HEFT-LC+ctrl,1,355.2228745448065,burst,17.198359041299227,0.009932709637564974,0.0,0.4444444444444444
skewed_8,HEFT-LC+ctrl,1,356.6248500836989,burst,15.219741828074746,0.013218560729562415,0.0,0.5
skewed_8,HEFT-LC+ctrl,1,359.00347212258936,burst,14.245072874153152,0.007416504740621668,0.0,0.6666666666666666
skewed_8,HEFT-LC+ctrl,1,359.0635588480776,burst,10.112708887957012,0.006585418879575268,0.0,0.5
skewed_8,HEFT-LC+ctrl,1,363.1283720504044,burst,11.804099330461383,0.004037633133741974,0.0,0.4
skewed_8,HEFT-LC+ctrl,1,368.45687762271075,burst,9.905358063237088,0.0067753133248123106,0.0,0.5
skewed_8,HEFT-LC+ctrl,1,370.1314051440857,burst,12.829147256173655,0.011359260339969285,0.0,0.6428571428571429
skewed_8,HEFT-LC+ctrl,1,370.33335117281473,burst,12.610587968621871,0.003814850761203674,0.0,0.5
skewed_8,HEFT-LC+ctrl,1,371.55281971789765,burst,13.28370207698623,0.011748557910527396,0.0,0.7142857142857143
skewed_8,HEFT-LC+ctrl,1,372.1268917222074,burst,17.624455191996276,0.008684862846955523,0.0,0.375
skewed_8,HEFT-LC+ctrl,1,377.8320542985591,burst,12.57432162078112,0.00472260091189014,0.0,0.4
skewed_8,HEFT-LC+ctrl,1,381.0834258302367,burst,6.301700470989033,0.003746538836479523,0.0,0.6666666666666666
skewed_8,HEFT-LC+ctrl,1,383.9229855890369,burst,8.392432071056362,0.009768772187504448,0.0,0.625
skewed_8,HEFT-LC+ctrl,1,393.1892444242728,burst,10.395209897253892,0.00376394385502737,0.0,0.25
skewed_8,HEFT-LC+ctrl,1,396.3461804965384,burst,6.470308097827171,0.004439311321134643,0.0,0.5
skewed_8,HEFT-LC+ctrl,1,402.84175102466054,burst,11.586343573058286,0.0075025675432178664,0.0,0.375
skewed_8,HEFT-LC+ctrl,1,404.7110416890446,burst,14.926176359561055,0.008059712071025465,0.0,0.45454545454545453
skewed_8,HEFT-LC+ctrl,1,406.11559360695577,burst,15.355158815789764,0.005331339452518387,0.0,0.5714285714285714
skewed_8,HEFT-LC+ctrl,1,407.006958726302,burst,15.874080142888715,0.012267711682712156,0.0,0.5714285714285714
skewed_8,HEFT-LC+ctrl,1,415.0702309086871,burst,14.52835086370635,0.005617815583984477,0.0,0.6111111111111112
skewed_8,HEFT-LC+ctrl,1,421.20250704907545,burst,11.866267048251416,0.004664578447049233,0.0,0.625
skewed_8,HEFT-LC+ctrl,1,427.937732754254,burst,15.832619064774008,0.011200722260120307,0.0,0.8
skewed_8,HEFT-LC+ctrl,1,428.42248550734973,burst,19.452266527029906,0.012267704961043473,0.0,0.2857142857142857
skewed_8,HEFT-LC+ctrl,1,428.6758534589876,burst,18.857099537974193,0.0058273380165302065,0.0,0.375
skewed_8,HEFT-LC+ctrl,1,429.08190910017066,burst,15.880012133421815,0.008665768800880975,0.0,0.5555555555555556
skewed_8,HEFT-LC+ctrl,1,431.90120651799486,burst,14.54400943622204,0.005975108708043536,0.0,0.5555555555555556
skewed_8,HEFT-LC+ctrl,1,439.2821478139949,burst,11.88196158363587,0.00520122707218131,0.0,0.7333333333333333
skewed_8,HEFT-LC+ctrl,1,446.8511252811305,burst,13.430983208872192,0.006161767440172484,0.0,0.375
skewed_8,HEFT-LC+ctrl,1,450.02139621144084,burst,6.72160060518587,0.00507502101009974,0.0,0.5
skewed_8,HEFT-LC+ctrl,1,450.93457803603513,burst,10.468506094746488,0.008226449092203342,0.0,0.25
skewed_8,HEFT-LC+ctrl,1,451.5451848755927,burst,12.208139075808049,0.004185733088237686,0.0,0.25
skewed_8,HEFT-LC+ctrl,1,459.60010294466326,burst,19.829749909210705,0.013207448108985715,0.0,0.5
skewed_8,HEFT-LC+ctrl,1,462.2633443997587,burst,15.657801700298137,0.006448373610213101,0.0,0.5
skewed_8,HEFT-LC+ctrl,1,463.53624500401924,burst,11.386498149645035,0.004673760895629965,0.0,0.5
skewed_8,HEFT-LC+ctrl,1,466.56209127953707,burst,9.446688701199207,0.0031915822496438673,0.0,0.5
skewed_8,HEFT-LC+ctrl,1,474.71663556997123,burst,12.727988183030448,0.00873629250782673,0.0,0.6666666666666666
skewed_8,HEFT-LC+ctrl,1,475.6758550449455,burst,18.478184038137897,0.008306299609994728,0.0,0.5
skewed_8,HEFT-LC+ctrl,1,477.78533104969483,burst,16.796034827607173,0.00872296040292316,0.0,0.25
skewed_8,HEFT-LC+ctrl,1,478.52587739687607,burst,11.853691928483727,0.004453723835586906,0.0,0.5
skewed_8,HEFT-LC+ctrl,1,478.84203596151053,burst,10.939494270769615,0.004970909759728288,0.0,0.375
skewed_8,HEFT-LC+ctrl,1,490.1725097796844,burst,12.939308825615399,0.0044968050178671864,0.0,0.375
skewed_8,HEFT-LC+ctrl,1,491.52906425592954,burst,11.189818356158867,0.007276792389808443,0.0,0.7
skewed_8,HEFT-LC+ctrl,1,492.4662887380711,burst,9.11279272576678,0.005585098607918443,0.0,0.5
skewed_8,HEFT-LC+ctrl,1,495.13691713660876,burst,13.10870348317519,0.0058068140461753764,0.0,0.42857142857142855
skewed_8,HEFT-LC+ctrl,1,499.76762905942985,burst,8.19217887157572,0.004993986353606284,0.0,0.6666666666666666
skewed_8,HEFT-LC+ctrl,1,502.08766388507365,burst,14.447812276055288,0.007294909931982052,0.0,0.5714285714285714
skewed_8,HEFT-LC+ctrl,1,507.0778059596189,burst,17.778678647838092,0.010596880791963569,0.0,0.45454545454545453
skewed_8,HEFT-LC+ctrl,1,507.4545786000039,burst,22.292059192914394,0.008066904444680046,0.0,0.5
skewed_8,HEFT-LC+ctrl,1,507.9046386190492,burst,14.15667673872747,0.0058993279896497695,0.0,0.6
skewed_8,HEFT-LC+ctrl,1,512.9478462084874,burst,20.145807455726185,0.007047266473981039,0.0,0.5
skewed_8,HEFT-LC+ctrl,1,519.0714540136929,burst,11.904747971361985,0.006237459715183232,0.0,0.5
skewed_8,HEFT-LC+ctrl,1,520.9606464561078,burst,14.749648757961609,0.004130748226673756,0.0,0.6
skewed_8,HEFT-LC+ctrl,1,521.9311017098074,burst,12.335760373197445,0.007577628601321206,0.0,0.5714285714285714
skewed_8,HEFT-LC+ctrl,1,524.5873904970161,burst,13.524088350214697,0.008675804345389879,0.0,0.375
skewed_8,HEFT-LC+ctrl,1,526.2663964962271,burst,16.23202957374383,0.0022822127625975433,0.0,0.5
skewed_8,HEFT-LC+ctrl,1,535.2587150509589,burst,17.322085038117052,0.009873566671646159,0.0,0.5
skewed_8,HEFT-LC+ctrl,1,535.7548139216382,burst,14.15296074896753,0.0031819623710053146,0.0,0.45454545454545453
skewed_8,HEFT-LC+ctrl,1,538.5224074297097,burst,10.961883467554117,0.004047711799624427,0.0,0.4444444444444444
skewed_8,HEFT-LC+ctrl,1,539.1740799896395,burst,10.930269641630161,0.004117758895742928,0.0,0.5
skewed_8,HEFT-LC+ctrl,1,542.5713613939081,burst,13.34117096987086,0.005518941032768679,0.0,0.42857142857142855
skewed_8,HEFT-LC+ctrl,1,553.024388321631,burst,17.762753225156416,0.005769982315157949,0.0,0.6111111111111112
skewed_8,HEFT-LC+ctrl,1,561.3492688967424,burst,8.961014002081129,0.004054924352884,0.0,0.5
skewed_8,HEFT-LC+ctrl,1,566.1509866380918,burst,15.615964480528419,0.005380641858119224,0.0,0.7
skewed_8,HEFT-LC+ctrl,1,567.3965824314713,burst,11.552430260819278,0.0064774052108069234,0.0,0.5
skewed_8,HEFT-LC+ctrl,1,571.4241074768798,burst,12.36393916745817,0.002654005883493075,0.0,0.5
skewed_8,HEFT-LC+ctrl,1,582.1602681196438,burst,15.52124425065199,0.007834894658612798,0.0,0.3333333333333333
skewed_8,HEFT-LC+ctrl,1,582.9783116085599,burst,10.56138026852227,0.005913199530861591,0.0,0.75
skewed_8,HEFT-LC+ctrl,1,586.7935160346323,burst,17.789175801217993,0.005464567295155781,0.0,0.4
skewed_8,HEFT-LC+ctrl,1,589.4126873057335,burst,12.688561182002218,0.0057212903077566435,0.0,0.375
skewed_8,HEFT-LC+ctrl,1,592.712913314333,burst,20.191329396481137,0.006616806579932462,0.0,0.3
skewed_8,HEFT-LC+ctrl,1,604.3168056351491,burst,16.7297313727654,0.008634412492527464,0.0,0.5555555555555556
skewed_8,HEFT-LC+ctrl,1,608.2427589315836,mr,20.80063772775668,0.003948065858189858,0.0,0.5
skewed_8,HEFT-LC+ctrl,1,626.9985087533674,mr,11.45632785852581,0.00410505806714394,0.0,0.3333333333333333
skewed_8,HEFT-LC+ctrl,1,627.8988596510487,mr,11.634007218563966,0.0022938101722712384,0.0,0.6666666666666666
skewed_8,HEFT-LC+ctrl,1,631.6610781305573,mr,10.0767663476272,0.005413393938317472,0.0,0.75
skewed_8,HEFT-LC+ctrl,1,633.8295884688899,mr,12.699728688943082,0.004266697809959608,0.0,0.5555555555555556
skewed_8,HEFT-LC+ctrl,1,637.6804547732984,mr,10.14974662061718,0.0029791332042076912,0.0,0.25
skewed_8,HEFT-LC+ctrl,1,639.2233554466878,mr,8.866900254146344,0.0024413923648093677,0.0,0.4444444444444444
skewed_8,HEFT-LC+ctrl,1,645.0984011560851,mr,7.344546566697886,0.003058183794482544,0.0,0.3333333333333333
skewed_8,HEFT-LC+ctrl,1,648.0420094075467,mr,8.813052331767608,0.0034749418562934923,0.0,0.6666666666666666
skewed_8,HEFT-LC+ctrl,1,662.1179132111467,mr,4.064792016373417,0.002237869522861133,0.0,0.6666666666666666
skewed_8,HEFT-LC+ctrl,1,667.7336692205542,mr,4.979206447331308,0.0021033642098878614,0.0,0.42857142857142855
skewed_8,HEFT-LC+ctrl,1,672.3596052495283,mr,10.14405308801281,0.0040264847763036545,0.0,0.4
skewed_8,HEFT-LC+ctrl,1,674.9669421112076,mr,7.821675637904946,0.0018972963051320834,0.0,0.7272727272727273
skewed_8,HEFT-LC+ctrl,1,680.1335961814996,mr,7.4186188027240405,0.0020612243766973256,0.0,0.5714285714285714
skewed_8,HEFT-LC+ctrl,1,680.9337149982318,mr,9.522155853705499,0.004816471562531366,0.0,0.42857142857142855
skewed_8,HEFT-LC+ctrl,1,687.6625093279575,mr,9.988135968925349,0.003283750278023194,0.0,0.6666666666666666
skewed_8,HEFT-LC+ctrl,1,689.1408001361905,mr,14.385083875549867,0.0047355357208829565,0.0,0.5454545454545454
skewed_8,HEFT-LC+ctrl,1,697.4424205589062,mr,9.761927484848911,0.0029461626445981964,0.0,0.5714285714285714
skewed_8,HEFT-LC+ctrl,1,704.8101199200481,mr,8.118108099253618,0.00196109320945482,0.0,0.36363636363636365
skewed_8,HEFT-LC+ctrl,1,708.5094433067006,mr,7.491336794625909,0.0024008247161479332,0.0,0.6111111111111112
skewed_8,HEFT-LC+ctrl,1,716.5249099763913,mr,11.00422608428255,0.006150919856454592,0.0,0.5555555555555556
skewed_8,HEFT-LC+ctrl,1,739.2674460312743,mr,6.204332021557775,0.00814166312663052,0.0,0.5555555555555556
skewed_8,HEFT-LC+ctrl,1,749.3270925188037,mr,5.221248449536915,0.012197785548935206,0.0,0.7142857142857143
skewed_8,HEFT-LC+ctrl,1,760.5881753400641,mr,6.560996269871566,0.019761021421325638,0.0,0.6
skewed_8,HEFT-LC+ctrl,1,764.1186200270017,mr,7.498373142670857,0.022053052396434344,0.0,0.6
skewed_8,HEFT-LC+ctrl,1,768.5366303353724,mr,7.181679909321701,0.024670760228614124,0.0,0.5
skewed_8,HEFT-LC+ctrl,1,774.4909709818825,mr,3.7524127422528863,0.026176910840631767,0.0,0.6666666666666666
skewed_8,HEFT-LC+ctrl,1,775.6862553892065,mr,7.3511118373025965,0.027913843795014145,0.0,0.5714285714285714
skewed_8,HEFT-LC+ctrl,1,782.4230940329466,mr,5.167446002472843,0.029431085803529582,0.0,0.7142857142857143
skewed_8,HEFT-LC+ctrl,1,796.901618664032,mr,4.668612582480364,0.03683337100790409,0.0,0.6666666666666666
skewed_8,HEFT-LC+ctrl,1,801.6779822868573,mr,7.180765193173102,0.040257752138585214,0.0,0.6666666666666666
skewed_8,HEFT-LC+ctrl,1,807.9496712418162,mr,4.390786249524922,0.04256335749497508,0.0,0.625
skewed_8,HEFT-LC+ctrl,1,818.3466166541726,mr,9.500570258465814,0.050063580865073475,0.0,0.625
skewed_8,HEFT-LC+ctrl,1,840.4691249241513,mr,3.822899172467828,0.058019398167689334,0.0,0.7
skewed_8,HEFT-LC+ctrl,1,843.9035632871318,mr,7.510328445375762,0.05989684241325522,0.0,0.9090909090909091
skewed_8,HEFT-LC+ctrl,1,854.1637977069333,mr,4.030546579675729,0.06456421330430426,0.0,0.6666666666666666
skewed_8,HEFT-LC+ctrl,1,858.071968941704,mr,7.357947813360624,0.0672237448467719,0.0,0.7142857142857143
skewed_8,HEFT-LC+ctrl,1,862.172368801492,mr,5.380818394664743,0.07069523154530098,0.0,0.5714285714285714
skewed_8,HEFT-LC+ctrl,1,865.1589775814797,mr,7.951954796950304,0.07225277025028291,0.0,0.6666666666666666
skewed_8,HEFT-LC+ctrl,1,872.7844092664135,mr,3.454550857607728,0.07395452811425852,0.0,0.6666666666666666
skewed_8,HEFT-LC+ctrl,1,890.3813818639535,mr,6.169356425809383,0.07786447407942992,0.0,0.8333333333333334
skewed_8,HEFT-LC+ctrl,1,898.0467042697198,mr,6.707314857904862,0.08391709000237206,0.0,0.7
cpu_gpu,HEFT,1,2.40485106849182,light,5.4954607247406795,0.2016605841508574,0.0,0.9166666666666666
cpu_gpu,HEFT,1,4.496035310399176,light,8.27126982007918,0.09002328341070591,0.0,0.6428571428571429
cpu_gpu,HEFT,1,30.405816514231837,light,2.2716776051839602,0.017207015072618546,0.0,0.6
cpu_gpu,HEFT,1,45.99016289736639,light,4.764451114547569,0.031650506169609724,0.0,0.75
cpu_gpu,HEFT,1,67.29817910807603,light,3.073819778249984,0.010624112705882642,0.0,0.6923076923076923
cpu_gpu,HEFT,1,67.81597281579386,light,3.823896045669912,0.0039928619307111266,0.0,0.7857142857142857
cpu_gpu,HEFT,1,87.14771312269748,light,4.509427438443339,0.006470573386338453,0.0,0.6875
cpu_gpu,HEFT,1,91.32492174722579,light,2.4831128932542157,0.011260536668074887,0.0,0.9090909090909091
cpu_gpu,HEFT,1,98.39475426267819,light,4.027929385417863,0.0443834523347828,0.0,1.0
cpu_gpu,HEFT,1,141.904087535344,light,3.0130852342117294,0.0022895115778517293,0.0,0.7777777777777778
cpu_gpu,HEFT,1,145.332083654438,light,4.710680567250591,0.01801858565268637,0.0,0.8888888888888888
cpu_gpu,HEFT,1,167.98625065609883,light,5.0676244006467925,0.005279957882962119,0.0,0.75
cpu_gpu,HEFT,1,213.91592014891984,light,3.305708365387659,0.0958509955248656,0.0,0.8181818181818182
cpu_gpu,HEFT,1,219.94089878439226,light,4.5600673162541625,0.003853476381062262,0.0,0.875
cpu_gpu,HEFT,1,228.271052663714,light,4.534453266444729,0.0054868280216232536,0.0,0.7857142857142857
cpu_gpu,HEFT,1,237.18724379705148,light,2.3967057497291364,0.0012061337256398987,0.0,0.7692307692307693
cpu_gpu,HEFT,1,238.69451753986417,light,5.02245965211992,0.007461839897482379,0.0,0.5555555555555556
cpu_gpu,HEFT,1,269.23249483322235,light,3.7388826710487137,0.004726411191254768,0.0,0.6666666666666666
cpu_gpu,HEFT,1,269.97351487544864,light,6.15200704898308,0.0034588014435777688,0.0,0.7142857142857143
cpu_gpu,HEFT,1,287.33567678555664,light,0.9361292540049817,0.02385913647781924,0.0,0.8333333333333334
cpu_gpu,HEFT,1,300.2639684740559,light,4.158509661472806,0.044187916400991234,0.0,0.8571428571428571
cpu_gpu,HEFT,1,310.41843260987145,burst,11.878861900757101,0.023215901426631887,0.0,0.7857142857142857
cpu_gpu,HEFT,1,313.0653157241566,burst,25.93805390445931,0.02717678387823194,0.0,0.7777777777777778
cpu_gpu,HEFT,1,318.0732029977274,burst,33.39439695118074,0.01625487766480946,0.0,0.8
cpu_gpu,HEFT,1,324.8741994921314,burst,26.120960834597724,0.015694593373876492,0.0,0.6
cpu_gpu,HEFT,1,330.46929332033966,burst,23.852607037504015,0.014617029231980199,0.0,0.4444444444444444
cpu_gpu,HEFT,1,333.5223891846825,burst,24.059268647293436,0.015773769578152037,0.0,0.7777777777777778
cpu_gpu,HEFT,1,334.18708080353167,burst,15.679974933431481,0.0018508945225878658,0.0,0.75
cpu_gpu,HEFT,1,340.3322360136486,burst,14.794210839165089,0.015124376854565786,0.0,0.5714285714285714
cpu_gpu,HEFT,1,340.38112605230765,burst,18.016488390819916,0.009225627428644115,0.0,0.5
cpu_gpu,HEFT,1,341.061422642891,burst,19.082390337959623,0.012017643414250627,0.0,0.7
cpu_gpu,HEFT,1,351.18033064796117,burst,18.46851584067099,0.00933335224305934,0.0,0.7272727272727273
cpu_gpu,HEFT,1,355.2228745448065,burst,19.715922303266154,0.01044628710845719,0.0,0.6666666666666666
cpu_gpu,HEFT,1,356.6248500836989,burst,19.03796910034066,0.009430970283435269,0.0,0.7857142857142857
cpu_gpu,HEFT,1,359.00347212258936,burst,10.397195689323041,0.002824710610415179,0.0,0.3333333333333333
cpu_gpu,HEFT,1,359.0635588480776,burst,8.330840792832703,0.006991607783052594,0.0,0.625
cpu_gpu,HEFT,1,363.1283720504044,burst,10.411954782237729,0.004246587364701727,0.0,0.7
cpu_gpu,HEFT,1,368.45687762271075,burst,10.347827866031423,0.010531043313946251,0.0,0.8
cpu_gpu,HEFT,1,370.1314051440857,burst,20.323532450032076,0.011799649524649616,0.0,0.7857142857142857
cpu_gpu,HEFT,1,370.33335117281473,burst,15.683280394368467,0.004112885981856784,0.0,0.875
cpu_gpu,HEFT,1,371.55281971789765,burst,16.68914422272468,0.01136773460948665,0.0,0.6428571428571429
cpu_gpu,HEFT,1,372.1268917222074,burst,24.202991217940166,0.010965816398437488,0.0,0.625
cpu_gpu,HEFT,1,377.8320542985591,burst,17.71482930574774,0.007780407696531846,0.0,0.7
cpu_gpu,HEFT,1,381.0834258302367,burst,8.740237327963996,0.0035996559963431016,0.0,0.5
cpu_gpu,HEFT,1,383.9229855890369,burst,10.334148530506297,0.0057768875748177495,0.0,0.75
cpu_gpu,HEFT,1,393.1892444242728,burst,9.914748211228527,0.003137255703279559,0.0,0.625
cpu_gpu,HEFT,1,396.3461804965384,burst,6.68238005901668,0.004974216190252158,0.0,0.6666666666666666
cpu_gpu,HEFT,1,402.84175102466054,burst,12.533820188917161,0.007096327293933651,0.0,0.75
cpu_gpu,HEFT,1,404.7110416890446,burst,22.281797711706417,0.009988906867388837,0.0,0.6363636363636364
cpu_gpu,HEFT,1,406.11559360695577,burst,21.23230013079808,0.007281923579403982,0.0,0.5714285714285714
cpu_gpu,HEFT,1,407.006958726302,burst,16.306489286685633,0.005538639144274305,0.0,0.7142857142857143
cpu_gpu,HEFT,1,415.0702309086871,burst,15.895184855340517,0.003766671448723226,0.0,0.8333333333333334
cpu_gpu,HEFT,1,421.20250704907545,burst,9.981035467077277,0.0052553167366574125,0.0,0.75
cpu_gpu,HEFT,1,427.937732754254,burst,26.227360192255105,0.015714005642597555,0.0,0.9333333333333333
cpu_gpu,HEFT,1,428.42248550734973,burst,31.798773568460092,0.012201311314140756,0.0,0.5714285714285714
cpu_gpu,HEFT,1,428.6758534589876,burst,20.116390803874538,0.00500960147517309,0.0,0.625
cpu_gpu,HEFT,1,429.08190910017066,burst,15.62548248834355,0.008830125633161313,0.0,0.6666666666666666
cpu_gpu,HEFT,1,431.90120651799486,burst,20.580094675221403,0.008886722254973693,0.0,0.6666666666666666
cpu_gpu,HEFT,1,439.2821478139949,burst,21.17396617216184,0.004085372378061194,0.0,0.5333333333333333
cpu_gpu,HEFT,1,446.8511252811305,burst,10.794548255897439,0.003133875471558899,0.0,0.625
cpu_gpu,HEFT,1,450.02139621144084,burst,6.29956949653058,0.0010620084279157236,0.0,0.5
cpu_gpu,HEFT,1,450.93457803603513,burst,7.719234844207676,0.006863036611800675,0.0,0.875
cpu_gpu,HEFT,1,451.5451848755927,burst,11.521238491009399,0.002731909993348973,0.0,0.625
cpu_gpu,HEFT,1,459.60010294466326,burst,10.105307162274244,0.009051892329204074,0.0,0.75
cpu_gpu,HEFT,1,462.2633443997587,burst,20.047939774190013,0.004673331652615805,0.0,0.8
cpu_gpu,HEFT,1,463.53624500401924,burst,12.410571083989907,0.004574882854878246,0.0,0.6428571428571429
cpu_gpu,HEFT,1,466.56209127953707,burst,9.916688877968454,0.004765178145120608,0.0,0.5
cpu_gpu,HEFT,1,474.71663556997123,burst,17.3985135850221,0.006436703869277008,0.0,0.7777777777777778
cpu_gpu,HEFT,1,475.6758550449455,burst,22.980313470176952,0.007139065538621419,0.0,0.8333333333333334
cpu_gpu,HEFT,1,477.78533104969483,burst,19.51185126649557,0.004443221759129314,0.0,0.625
cpu_gpu,HEFT,1,478.52587739687607,burst,10.101407605425266,0.0027340941328463653,0.0,0.5
cpu_gpu,HEFT,1,478.84203596151053,burst,10.720286413477083,0.004763408743290492,0.0,0.5
cpu_gpu,HEFT,1,490.1725097796844,burst,13.3429888191082,0.003627008471628933,0.0,0.625
cpu_gpu,HEFT,1,491.52906425592954,burst,13.120273864607043,0.008095570408522636,0.0,0.7
cpu_gpu,HEFT,1,492.4662887380711,burst,13.795012729978453,0.0009289933607507426,0.0,0.75
cpu_gpu,HEFT,1,495.13691713660876,burst,8.976972085025182,0.005505829696718857,0.0,0.7142857142857143
cpu_gpu,HEFT,1,499.76762905942985,burst,9.857014190979157,0.0021218550329503345,0.0,0.5
cpu_gpu,HEFT,1,502.08766388507365,burst,14.584168330297416,0.007103973690815226,0.0,0.7142857142857143
cpu_gpu,HEFT,1,507.0778059596189,burst,21.144664657561975,0.007267053324035735,0.0,0.6363636363636364
cpu_gpu,HEFT,1,507.4545786000039,burst,21.98780511043094,0.005892185579852097,0.0,0.5
cpu_gpu,HEFT,1,507.9046386190492,burst,15.591268036918336,0.005071516894030511,0.0,0.8
cpu_gpu,HEFT,1,512.9478462084874,burst,21.316905441811627,0.008700554264409405,0.0,0.8333333333333334
cpu_gpu,HEFT,1,519.0714540136929,burst,17.348550461335208,0.0037601252190973713,0.0,0.625
cpu_gpu,HEFT,1,520.9606464561078,burst,11.959441650614735,0.003032893138381634,0.0,0.8
cpu_gpu,HEFT,1,521.9311017098074,burst,18.05760555260599,0.007788393072373873,0.0,0.8571428571428571
cpu_gpu,HEFT,1,524.5873904970161,burst,18.78524844229878,0.004698342811497435,0.0,0.625
cpu_gpu,HEFT,1,526.2663964962271,burst,11.853052308649012,0.0031107100013454455,0.0,0.6
cpu_gpu,HEFT,1,535.2587150509589,burst,23.165276638379623,0.010794410059232044,0.0,0.6
cpu_gpu,HEFT,1,535.7548139216382,burst,22.859323982192223,0.0018603989265056113,0.0,0.7272727272727273
cpu_gpu,HEFT,1,538.5224074297097,burst,11.550872901484809,0.0029614776232972295,0.0,0.5555555555555556
cpu_gpu,HEFT,1,539.1740799896395,burst,12.96991366446116,0.0029192623178154846,0.0,0.7857142857142857
cpu_gpu,HEFT,1,542.5713613939081,burst,13.661682957178982,0.005000711285236484,0.0,0.7857142857142857
cpu_gpu,HEFT,1,553.024388321631,burst,22.098447988714156,0.005472647302660304,0.0,0.8333333333333334
cpu_gpu,HEFT,1,561.3492688967424,burst,13.179737611053838,0.0025665099295588928,0.0,0.6666666666666666
cpu_gpu,HEFT,1,566.1509866380918,burst,12.448014434076072,0.0045353032574665325,0.0,0.8
cpu_gpu,HEFT,1,567.3965824314713,burst,14.89099904267539,0.005114411638605645,0.0,0.625
cpu_gpu,HEFT,1,571.4241074768798,burst,16.600722737106935,0.003357308747285542,0.0,0.5
cpu_gpu,HEFT,1,582.1602681196438,burst,17.714201159617687,0.004862988169768362,0.0,0.6666666666666666
cpu_gpu,HEFT,1,582.9783116085599,burst,13.134394506181138,0.0020753096575618643,0.0,0.625
cpu_gpu,HEFT,1,586.7935160346323,burst,11.545877648952569,0.005392255551507514,0.0,0.8
cpu_gpu,HEFT,1,589.4126873057335,burst,16.28282812095199,0.004045678615352423,0.0,0.625
cpu_gpu,HEFT,1,592.712913314333,burst,16.30815568044477,0.004480318470406217,0.0,0.6
cpu_gpu,HEFT,1,604.3168056351491,burst,15.121403897994696,0.0017618732999423738,0.0,1.0
cpu_gpu,HEFT,1,608.2427589315836,mr,15.26213194688296,0.002355955943824037,0.0,0.7142857142857143
cpu_gpu,HEFT,1,626.9985087533674,mr,15.482844467763016,0.0045649943843850144,0.0,0.6666666666666666
cpu_gpu,HEFT,1,627.8988596510487,mr,16.512252201891783,0.005887598953809146,0.0,0.7777777777777778
cpu_gpu,HEFT,1,631.6610781305573,mr,18.414589692776303,0.0027954648742616224,0.0,0.5833333333333334
cpu_gpu,HEFT,1,633.8295884688899,mr,12.439929270473726,0.0033177676857994846,0.0,0.6666666666666666
cpu_gpu,HEFT,1,637.6804547732984,mr,10.033364487924928,0.0026763851350150012,0.0,0.625
cpu_gpu,HEFT,1,639.2233554466878,mr,9.049637253895412,0.0023468478929919746,0.0,0.6666666666666666
cpu_gpu,HEFT,1,645.0984011560851,mr,9.134058736927045,0.0022550655112501842,0.0,0.6666666666666666
cpu_gpu,HEFT,1,648.0420094075467,mr,9.526735096716038,0.004010548579995091,0.0,0.7777777777777778
cpu_gpu,HEFT,1,662.1179132111467,mr,9.135455920108257,0.0005859706029187681,0.0,0.8333333333333334
cpu_gpu,HEFT,1,667.7336692205542,mr,5.057167109228999,0.0021039701063246,0.0,0.5714285714285714
cpu_gpu,HEFT,1,672.3596052495283,mr,13.460132826714698,0.0033261573802552875,0.0,0.7
cpu_gpu,HEFT,1,674.9669421112076,mr,8.125082465471905,0.0006141463063451479,0.0,0.7272727272727273
cpu_gpu,HEFT,1,680.1335961814996,mr,7.27531818470743,0.0025306321300809192,0.0,0.7857142857142857
cpu_gpu,HEFT,1,680.9337149982318,mr,13.557152255511483,0.005575775543915927,0.0,0.7142857142857143
cpu_gpu,HEFT,1,687.6625093279575,mr,15.355631961927656,0.001688295671730069,0.0,0.7777777777777778
cpu_gpu,HEFT,1,689.1408001361905,mr,14.285680181524526,0.0038011901402964037,0.0,0.6363636363636364
cpu_gpu,HEFT,1,697.4424205589062,mr,14.737101324047217,0.003243664652325311,0.0,0.7857142857142857
cpu_gpu,HEFT,1,704.8101199200481,mr,12.865963311702899,0.0020894523907989274,0.0,0.7272727272727273
cpu_gpu,HEFT,1,708.5094433067006,mr,9.463896975259104,0.002594982382551575,0.0,0.7777777777777778
cpu_gpu,HEFT,1,716.5249099763913,mr,12.991032020987632,0.0031312347432153947,0.0,0.5555555555555556
cpu_gpu,HEFT,1,739.2674460312743,mr,12.284614337321841,0.0030427260491544847,0.0,0.6666666666666666
cpu_gpu,HEFT,1,749.3270925188037,mr,8.948222171882435,0.001998793394212962,0.0,0.5714285714285714
cpu_gpu,HEFT,1,760.5881753400641,mr,11.997989932422797,0.003280714668284272,0.0,0.7
cpu_gpu,HEFT,1,764.1186200270017,mr,14.223947123924063,0.0026967187177820836,0.0,0.6
cpu_gpu,HEFT,1,768.5366303353724,mr,11.09261377007897,0.002934689371243299,0.0,0.5
cpu_gpu,HEFT,1,774.4909709818825,mr,10.259252703732727,0.0015976420652179105,0.0,0.5555555555555556
cpu_gpu,HEFT,1,775.6862553892065,mr,10.834827532426289,0.004230993075614126,0.0,0.7142857142857143
cpu_gpu,HEFT,1,782.4230940329466,mr,12.795306455764603,0.0034491793720380247,0.0,0.5714285714285714
cpu_gpu,HEFT,1,796.901618664032,mr,10.508032297352656,0.0020222738859884152,0.0,0.5555555555555556
cpu_gpu,HEFT,1,801.6779822868573,mr,14.271499315803567,0.003834062537156091,0.0,0.4444444444444444
cpu_gpu,HEFT,1,807.9496712418162,mr,12.768006894404152,0.0025276022392702697,0.0,0.5
cpu_gpu,HEFT,1,818.3466166541726,mr,13.251865630040129,0.002879483530470273,0.0,0.5
cpu_gpu,HEFT,1,840.4691249241513,mr,10.024586389518845,0.001755160161053003,0.0,0.7
cpu_gpu,HEFT,1,843.9035632871318,mr,14.493797647137853,0.002492118256046676,0.0,0.6363636363636364
cpu_gpu,HEFT,1,854.1637977069333,mr,11.604826387110961,0.0019259010125947725,0.0,0.5555555555555556
cpu_gpu,HEFT,1,858.071968941704,mr,12.089431684745477,0.0034644830821586,0.0,0.7857142857142857
cpu_gpu,HEFT,1,862.172368801492,mr,10.505144038531853,0.001457984614670351,0.0,0.7857142857142857
cpu_gpu,HEFT,1,865.1589775814797,mr,10.001686968090098,0.0018824624088933162,0.0,0.6666666666666666
cpu_gpu,HEFT,1,872.7844092664135,mr,8.85125010474917,0.0014192878079528329,0.0,0.7777777777777778
cpu_gpu,HEFT,1,890.3813818639535,mr,9.522451301833598,0.00368508036754971,0.0,0.6666666666666666
cpu_gpu,HEFT,1,898.0467042697198,mr,14.660541786943213,0.0025479799940164045,0.0,0.6
cpu_gpu,HEFT-LC,1,2.40485106849182,light,5.666385080171669,0.0924658473734952,0.05,0.5833333333333334
cpu_gpu,HEFT-LC,1,4.496035310399176,light,7.5635637085106,0.11274788443432758,0.05,0.7142857142857143
cpu_gpu,HEFT-LC,1,30.405816514231837,light,4.409901258909954,0.02184938499993446,0.05,0.5
cpu_gpu,HEFT-LC,1,45.99016289736639,light,10.734352855096972,0.02295877367773366,0.05,0.75
cpu_gpu,HEFT-LC,1,67.29817910807603,light,5.014303956211279,0.004139895399987382,0.05,0.38461538461538464
cpu_gpu,HEFT-LC,1,67.81597281579386,light,6.0696007043517,0.005855304665235497,0.05,0.2857142857142857
cpu_gpu,HEFT-LC,1,87.14771312269748,light,10.789012302744624,0.01266776986929379,0.05,0.5625
cpu_gpu,HEFT-LC,1,91.32492174722579,light,4.697703214520089,0.009072739478766844,0.05,0.8181818181818182
cpu_gpu,HEFT-LC,1,98.39475426267819,light,12.816882698317926,0.009564888559296507,0.05,0.5833333333333334
cpu_gpu,HEFT-LC,1,141.904087535344,light,5.543474837780565,0.005038404340601281,0.05,0.5555555555555556
cpu_gpu,HEFT-LC,1,145.332083654438,light,10.503556801083448,0.009489555909042638,0.05,0.5555555555555556
cpu_gpu,HEFT-LC,1,167.98625065609883,light,11.337606489245019,0.004408200197194754,0.05,0.4375
cpu_gpu,HEFT-LC,1,213.91592014891984,light,5.847565675582217,0.0053527197808173575,0.05,0.5454545454545454
cpu_gpu,HEFT-LC,1,219.94089878439226,light,12.630888931595734,0.006122637077767377,0.05,0.6875
cpu_gpu,HEFT-LC,1,228.271052663714,light,10.561285061378726,0.008366420975458434,0.05,0.7142857142857143
cpu_gpu,HEFT-LC,1,237.18724379705148,light,4.961989995986812,0.0025155564410533388,0.05,0.6153846153846154
cpu_gpu,HEFT-LC,1,238.69451753986417,light,8.252780207476604,0.005441036729712336,0.05,0.6666666666666666
cpu_gpu,HEFT-LC,1,269.23249483322235,light,10.348079726454671,0.0035445045237437224,0.05,0.4
cpu_gpu,HEFT-LC,1,269.97351487544864,light,9.791490272458304,0.008394766758474488,0.05,0.9285714285714286
cpu_gpu,HEFT-LC,1,287.33567678555664,light,2.7771952025287305,0.0021648036176664513,0.05,0.16666666666666666
cpu_gpu,HEFT-LC,1,300.2639684740559,light,10.017094511321488,0.002065400178430377,0.05,0.5
cpu_gpu,HEFT-LC,1,310.41843260987145,burst,19.770609916756257,0.004495660802635829,0.05,0.7857142857142857
cpu_gpu,HEFT-LC,1,313.0653157241566,burst,34.668544264246805,0.01509932771736125,0.05,0.6666666666666666
cpu_gpu,HEFT-LC,1,318.0732029977274,burst,38.066858597988755,0.009884007955126816,0.05,0.5333333333333333
cpu_gpu,HEFT-LC,1,324.8741994921314,burst,18.57318971003417,0.007096652132232813,0.05,0.5
cpu_gpu,HEFT-LC,1,330.46929332033966,burst,14.518417181989548,0.0049767731930865575,0.05,0.5555555555555556
cpu_gpu,HEFT-LC,1,333.5223891846825,burst,24.69572647105457,0.0025416630694396645,0.05,0.8333333333333334
cpu_gpu,HEFT-LC,1,334.18708080353167,burst,10.399256366553402,0.004293888811400378,0.05,0.375
cpu_gpu,HEFT-LC,1,340.3322360136486,burst,27.854095362540647,0.01488990884637616,0.05,0.42857142857142855
cpu_gpu,HEFT-LC,1,340.38112605230765,burst,10.354621604035799,0.004486273712798413,0.05,0.8
cpu_gpu,HEFT-LC,1,341.061422642891,burst,24.07581152229119,0.012399731849652653,0.05,0.6
cpu_gpu,HEFT-LC,1,351.18033064796117,burst,19.691686510715613,0.00495552623497532,0.05,0.8181818181818182
cpu_gpu,HEFT-LC,1,355.2228745448065,burst,26.78048348052789,0.007147332081795709,0.05,0.5555555555555556
cpu_gpu,HEFT-LC,1,356.6248500836989,burst,22.076130681952804,0.004172354525320766,0.05,0.7857142857142857
cpu_gpu,HEFT-LC,1,359.00347212258936,burst,11.66154787086748,0.0036125330912300637,0.05,0.5
cpu_gpu,HEFT-LC,1,359.0635588480776,burst,13.191915518861265,0.0026984160782502426,0.05,0.5
cpu_gpu,HEFT-LC,1,363.1283720504044,burst,14.774432570628619,0.005120447642644106,0.05,0.7
cpu_gpu,HEFT-LC,1,368.45687762271075,burst,21.829495012745724,0.003356401803292677,0.05,0.5
cpu_gpu,HEFT-LC,1,370.1314051440857,burst,26.688248023819483,0.005783951154759206,0.05,0.5714285714285714
cpu_gpu,HEFT-LC,1,370.33335117281473,burst,10.459262444541764,0.0025579096758580008,0.05,0.75
cpu_gpu,HEFT-LC,1,371.55281971789765,burst,23.775797504414186,0.003110569133927878,0.05,0.7857142857142857
cpu_gpu,HEFT-LC,1,372.1268917222074,burst,23.838437707275148,0.006019157306838788,0.05,0.625
cpu_gpu,HEFT-LC,1,377.8320542985591,burst,17.78358521166365,0.0034614172129792354,0.05,0.7
cpu_gpu,HEFT-LC,1,381.0834258302367,burst,5.722052994146225,0.001403866886345369,0.05,0.8333333333333334
cpu_gpu,HEFT-LC,1,383.9229855890369,burst,19.204897703081542,0.004375388055180881,0.05,0.25
cpu_gpu,HEFT-LC,1,393.1892444242728,burst,13.139332795765426,0.0034663015408981884,0.05,0.5
cpu_gpu,HEFT-LC,1,396.3461804965384,burst,8.872112365927478,0.00256997107066569,0.05,0.8333333333333334
cpu_gpu,HEFT-LC,1,402.84175102466054,burst,24.336150510695347,0.006435705011075711,0.05,0.375
cpu_gpu,HEFT-LC,1,404.7110416890446,burst,22.258639196525678,0.005282072684202124,0.05,0.6363636363636364
cpu_gpu,HEFT-LC,1,406.11559360695577,burst,28.693807810884437,0.003123591743223183,0.05,0.7857142857142857
cpu_gpu,HEFT-LC,1,407.006958726302,burst,23.219811028063077,0.0026678602219500497,0.05,0.42857142857142855
cpu_gpu,HEFT-LC,1,415.0702309086871,burst,17.868395279123774,0.0012596554036232964,0.05,0.8333333333333334
cpu_gpu,HEFT-LC,1,421.20250704907545,burst,14.268572017841052,0.001975006800552021,0.05,0.25
cpu_gpu,HEFT-LC,1,427.937732754254,burst,52.13215346775644,0.008664681142226216,0.05,0.6666666666666666
cpu_gpu,HEFT-LC,1,428.42248550734973,burst,23.64783790462195,0.003809503475428176,0.05,0.7142857142857143
cpu_gpu,HEFT-LC,1,428.6758534589876,burst,17.019943160478874,0.004062054324704253,0.05,0.5
cpu_gpu,HEFT-LC,1,429.08190910017066,burst,16.27878982513198,0.002730778355022011,0.05,0.5555555555555556
cpu_gpu,HEFT-LC,1,431.90120651799486,burst,25.988228534979612,0.006026901171241184,0.05,0.5555555555555556
cpu_gpu,HEFT-LC,1,439.2821478139949,burst,23.183086996636803,0.003594238650531587,0.05,0.7333333333333333
cpu_gpu,HEFT-LC,1,446.8511252811305,burst,10.475052765042506,0.0012524751121766968,0.05,0.625
cpu_gpu,HEFT-LC,1,450.02139621144084,burst,7.8993301581874675,0.0019281908508979033,0.05,0.16666666666666666
cpu_gpu,HEFT-LC,1,450.93457803603513,burst,21.27319120992604,0.00299552860763912,0.05,0.5
cpu_gpu,HEFT-LC,1,451.5451848755927,burst,7.0667898816946035,0.0010869504629404847,0.05,0.75
cpu_gpu,HEFT-LC,1,459.60010294466326,burst,22.92470627700061,0.005271416186100259,0.05,0.5833333333333334
cpu_gpu,HEFT-LC,1,462.2633443997587,burst,19.46381894941885,0.00284911436395002,0.05,0.7
cpu_gpu,HEFT-LC,1,463.53624500401924,burst,13.639158832461135,0.0009223867233960708,0.05,0.7857142857142857
cpu_gpu,HEFT-LC,1,466.56209127953707,burst,13.188699212265647,0.004494642814681136,0.05,0.3333333333333333
cpu_gpu,HEFT-LC,1,474.71663556997123,burst,24.089540933619787,0.005687748833941723,0.05,0.7777777777777778
cpu_gpu,HEFT-LC,1,475.6758550449455,burst,29.92795540119721,0.0025719332516350225,0.05,0.8333333333333334
cpu_gpu,HEFT-LC,1,477.78533104969483,burst,25.44809571934877,0.006362064528063577,0.05,0.5
cpu_gpu,HEFT-LC,1,478.52587739687607,burst,5.825170685607418,0.0038755837274556727,0.05,0.875
cpu_gpu,HEFT-LC,1,478.84203596151053,burst,7.159390328611721,0.000752198372164081,0.05,0.875
cpu_gpu,HEFT-LC,1,490.1725097796844,burst,16.316449372830903,0.003896386699447991,0.05,0.375
cpu_gpu,HEFT-LC,1,491.52906425592954,burst,28.051162117678132,0.0029872554437416054,0.05,0.3
cpu_gpu,HEFT-LC,1,492.4662887380711,burst,9.027848901207335,0.0007335674909805248,0.05,0.625
cpu_gpu,HEFT-LC,1,495.13691713660876,burst,20.596740947743,0.004886718464504049,0.05,0.42857142857142855
cpu_gpu,HEFT-LC,1,499.76762905942985,burst,4.814512755648138,0.002876022600416893,0.05,0.8333333333333334
cpu_gpu,HEFT-LC,1,502.08766388507365,burst,20.423722322977824,0.0047094634454006,0.05,0.42857142857142855
cpu_gpu,HEFT-LC,1,507.0778059596189,burst,20.470832834807652,0.0036341790948438766,0.05,0.8181818181818182
cpu_gpu,HEFT-LC,1,507.4545786000039,burst,28.453354191303333,0.0034546301941619623,0.05,0.5
cpu_gpu,HEFT-LC,1,507.9046386190492,burst,11.519205326732163,0.0007516300647591103,0.05,0.7
cpu_gpu,HEFT-LC,1,512.9478462084874,burst,29.055931663320052,0.0021945962380818082,0.05,0.8333333333333334
cpu_gpu,HEFT-LC,1,519.0714540136929,burst,15.963023650604782,0.002659657642718914,0.05,0.5
cpu_gpu,HEFT-LC,1,520.9606464561078,burst,9.930139565239415,0.0015587788521753318,0.05,0.7
cpu_gpu,HEFT-LC,1,521.9311017098074,burst,32.14181903649569,0.002282775181912325,0.05,0.5714285714285714
cpu_gpu,HEFT-LC,1,524.5873904970161,burst,17.879751025996256,0.003327637605431808,0.05,0.625
cpu_gpu,HEFT-LC,1,526.2663964962271,burst,13.874421140989625,0.0017050808691101678,0.05,0.5
cpu_gpu,HEFT-LC,1,535.2587150509589,burst,43.74628880632531,0.0059439034117818755,0.05,0.7
cpu_gpu,HEFT-LC,1,535.7548139216382,burst,13.273620506341558,0.0016393758698334403,0.05,0.9090909090909091
cpu_gpu,HEFT-LC,1,538.5224074297097,burst,17.69432060741451,0.0020121533232083165,0.05,0.4444444444444444
cpu_gpu,HEFT-LC,1,539.1740799896395,burst,19.356693826990977,0.0011512530289304762,0.05,0.7142857142857143
cpu_gpu,HEFT-LC,1,542.5713613939081,burst,28.142687051835992,0.0026552248643287976,0.05,0.5714285714285714
cpu_gpu,HEFT-LC,1,553.024388321631,burst,25.274107922921985,0.0010108555951726613,0.05,0.7777777777777778
cpu_gpu,HEFT-LC,1,561.3492688967424,burst,8.447290669155336,0.0011777169513788458,0.05,0.5
cpu_gpu,HEFT-LC,1,566.1509866380918,burst,20.03177457200627,0.0012706820767483804,0.05,0.1
cpu_gpu,HEFT-LC,1,567.3965824314713,burst,19.77401985057577,0.0015746259071864365,0.05,0.125
cpu_gpu,HEFT-LC,1,571.4241074768798,burst,17.31548712582071,0.0008391168522172541,0.05,0.7
cpu_gpu,HEFT-LC,1,582.1602681196438,burst,29.403432947132842,0.0046415967132882015,0.05,0.5555555555555556
cpu_gpu,HEFT-LC,1,582.9783116085599,burst,8.593789042796288,0.0022224407372975325,0.05,0.875
cpu_gpu,HEFT-LC,1,586.7935160346323,burst,18.43073754365514,0.0016637236309148447,0.05,0.6
cpu_gpu,HEFT-LC,1,589.4126873057335,burst,16.787442466868015,0.0023896936165492414,0.05,0.5
cpu_gpu,HEFT-LC,1,592.712913314333,burst,22.703005455533003,0.0032839167392198945,0.05,0.6
cpu_gpu,HEFT-LC,1,604.3168056351491,burst,10.447269989768756,0.0007416547502790541,0.05,0.7777777777777778
cpu_gpu,HEFT-LC,1,608.2427589315836,mr,32.565293042490566,0.003053366902533284,0.05,0.5714285714285714
cpu_gpu,HEFT-LC,1,626.9985087533674,mr,18.460185971047395,0.002148916657544073,0.05,0.6666666666666666
cpu_gpu,HEFT-LC,1,627.8988596510487,mr,18.40344880475004,0.0024192669356602244,0.05,0.4444444444444444
cpu_gpu,HEFT-LC,1,631.6610781305573,mr,11.971061666896958,0.0008526276819209729,0.05,0.6666666666666666
cpu_gpu,HEFT-LC,1,633.8295884688899,mr,12.524806036353766,0.0011290010719688522,0.05,0.6666666666666666
cpu_gpu,HEFT-LC,1,637.6804547732984,mr,9.38876316902747,0.0014981419680346547,0.05,0.75
cpu_gpu,HEFT-LC,1,639.2233554466878,mr,11.803418036049607,0.0010445471694980643,0.05,0.5555555555555556
cpu_gpu,HEFT-LC,1,645.0984011560851,mr,8.910184776004371,0.0013310837477862483,0.05,0.6666666666666666
cpu_gpu,HEFT-LC,1,648.0420094075467,mr,10.798433273341743,0.0012186590023243716,0.05,0.6666666666666666
cpu_gpu,HEFT-LC,1,662.1179132111467,mr,2.8398597319585406,0.00048024062440635046,0.05,1.0
cpu_gpu,HEFT-LC,1,667.7336692205542,mr,7.614043512993931,0.0007793313116373721,0.05,0.42857142857142855
cpu_gpu,HEFT-LC,1,672.3596052495283,mr,21.35922244400581,0.0021426253123041036,0.05,0.7
cpu_gpu,HEFT-LC,1,674.9669421112076,mr,5.031967122461992,0.0010344169325607487,0.05,0.9090909090909091
cpu_gpu,HEFT-LC,1,680.1335961814996,mr,12.088804224239311,0.0011354386561546158,0.05,0.6428571428571429
cpu_gpu,HEFT-LC,1,680.9337149982318,mr,15.023428822789356,0.0027837069092469624,0.05,0.5714285714285714
cpu_gpu,HEFT-LC,1,687.6625093279575,mr,13.3352362599951,0.000840442454869174,0.05,0.7777777777777778
cpu_gpu,HEFT-LC,1,689.1408001361905,mr,17.13154611054756,0.001563666239572816,0.05,0.7272727272727273
cpu_gpu,HEFT-LC,1,697.4424205589062,mr,15.263104152728829,0.0010479098187101904,0.05,0.7857142857142857
cpu_gpu,HEFT-LC,1,704.8101199200481,mr,12.514279439309576,0.0010240361126071882,0.05,0.7272727272727273
cpu_gpu,HEFT-LC,1,708.5094433067006,mr,10.383789795735993,0.0003783247668770556,0.05,0.8333333333333334
cpu_gpu,HEFT-LC,1,716.5249099763913,mr,20.597171863035555,0.002086746637069006,0.05,0.6666666666666666
cpu_gpu,HEFT-LC,1,739.2674460312743,mr,14.87504123801682,0.001990388642656497,0.05,0.7777777777777778
cpu_gpu,HEFT-LC,1,749.3270925188037,mr,4.7074703013017825,0.0006179317920075211,0.05,0.8571428571428571
cpu_gpu,HEFT-LC,1,760.5881753400641,mr,12.854362040557817,0.0009017775425637962,0.05,0.7
cpu_gpu,HEFT-LC,1,764.1186200270017,mr,14.96513569206195,0.0004973022145944809,0.05,0.6
cpu_gpu,HEFT-LC,1,768.5366303353724,mr,12.353006645381129,0.002015816641371416,0.05,0.625
cpu_gpu,HEFT-LC,1,774.4909709818825,mr,11.781790577251286,0.0012047786611743693,0.05,0.7777777777777778
cpu_gpu,HEFT-LC,1,775.6862553892065,mr,12.14656411468627,0.002041533359583272,0.05,0.5714285714285714
cpu_gpu,HEFT-LC,1,782.4230940329466,mr,6.358402840583949,0.00021191642651849585,0.05,0.7142857142857143
cpu_gpu,HEFT-LC,1,796.901618664032,mr,12.2786613296214,0.0009390771610812197,0.05,0.5555555555555556
cpu_gpu,HEFT-LC,1,801.6779822868573,mr,19.8464208027151,0.0025555883154504714,0.05,0.5555555555555556
cpu_gpu,HEFT-LC,1,807.9496712418162,mr,7.037616594854853,0.000502891373272512,0.05,0.75
cpu_gpu,HEFT-LC,1,818.3466166541726,mr,20.186571062813073,0.0032727224938243313,0.05,0.5
cpu_gpu,HEFT-LC,1,840.4691249241513,mr,5.424560197748178,0.0017406621912128487,0.05,0.8
cpu_gpu,HEFT-LC,1,843.9035632871318,mr,19.905489530117165,0.001996867366738883,0.05,0.45454545454545453
cpu_gpu,HEFT-LC,1,854.1637977069333,mr,13.862384793803812,0.0008707123330863108,0.05,0.6666666666666666
cpu_gpu,HEFT-LC,1,858.071968941704,mr,20.171400674629467,0.0012583989888663607,0.05,0.5714285714285714
cpu_gpu,HEFT-LC,1,862.172368801492,mr,6.510603767929297,0.0005918433093144121,0.05,0.8571428571428571
cpu_gpu,HEFT-LC,1,865.1589775814797,mr,21.723231014888825,0.0034496482208727602,0.05,0.6666666666666666
cpu_gpu,HEFT-LC,1,872.7844092664135,mr,10.3452536072582,0.0005740131994275715,0.05,0.8888888888888888
cpu_gpu,HEFT-LC,1,890.3813818639535,mr,18.419762289019218,0.0032120209715291166,0.05,0.3333333333333333
cpu_gpu,HEFT-LC,1,898.0467042697198,mr,16.63870053372966,0.0009496837933829788,0.05,0.5
cpu_gpu,HEFT-LC+ctrl,1,2.40485106849182,light,5.666385080171669,0.0924658473734952,0.05,0.5833333333333334
cpu_gpu,HEFT-LC+ctrl,1,4.496035310399176,light,7.5635637085106,0.11274788443432758,0.05,0.7142857142857143
cpu_gpu,HEFT-LC+ctrl,1,30.405816514231837,light,4.409901258909954,0.02184938499993446,0.05,0.5
cpu_gpu,HEFT-LC+ctrl,1,45.99016289736639,light,10.734352855096972,0.02295877367773366,0.05,0.75
cpu_gpu,HEFT-LC+ctrl,1,67.29817910807603,light,4.786557415324893,0.006541006541772166,0.020000000000000004,0.46153846153846156
cpu_gpu,HEFT-LC+ctrl,1,67.81597281579386,light,6.070205090172436,0.005725448703733934,0.020000000000000004,0.2857142857142857
cpu_gpu,HEFT-LC+ctrl,1,87.14771312269748,light,4.509427438443339,0.006470573386338453,0.0,0.6875
cpu_gpu,HEFT-LC+ctrl,1,91.32492174722579,light,2.4831128932542157,0.011260536668074887,0.0,0.9090909090909091
cpu_gpu,HEFT-LC+ctrl,1,98.39475426267819,light,4.027929385417863,0.0443834523347828,0.0,1.0
cpu_gpu,HEFT-LC+ctrl,1,141.904087535344,light,3.0130852342117294,0.0022895115778517293,0.0,0.7777777777777778
cpu_gpu,HEFT-LC+ctrl,1,145.332083654438,light,4.710680567250591,0.01801858565268637,0.0,0.8888888888888888
cpu_gpu,HEFT-LC+ctrl,1,167.98625065609883,light,5.0676244006467925,0.005279957882962119,0.0,0.75
cpu_gpu,HEFT-LC+ctrl,1,213.91592014891984,light,3.305708365387659,0.0958509955248656,0.0,0.8181818181818182
cpu_gpu,HEFT-LC+ctrl,1,219.94089878439226,light,4.5600673162541625,0.003853476381062262,0.0,0.875
cpu_gpu,HEFT-LC+ctrl,1,228.271052663714,light,4.534453266444729,0.0054868280216232536,0.0,0.7857142857142857
cpu_gpu,HEFT-LC+ctrl,1,237.18724379705148,light,2.3967057497291364,0.0012061337256398987,0.0,0.7692307692307693
cpu_gpu,HEFT-LC+ctrl,1,238.69451753986417,light,5.02245965211992,0.007461839897482379,0.0,0.5555555555555556
cpu_gpu,HEFT-LC+ctrl,1,269.23249483322235,light,3.7388826710487137,0.004726411191254768,0.0,0.6666666666666666
cpu_gpu,HEFT-LC+ctrl,1,269.97351487544864,light,6.15200704898308,0.0034588014435777688,0.0,0.7142857142857143
cpu_gpu,HEFT-LC+ctrl,1,287.33567678555664,light,0.9361292540049817,0.02385913647781924,0.0,0.8333333333333334
cpu_gpu,HEFT-LC+ctrl,1,300.2639684740559,light,4.158509661472806,0.044187916400991234,0.0,0.8571428571428571
cpu_gpu,HEFT-LC+ctrl,1,310.41843260987145,burst,11.878861900757101,0.023215901426631887,0.0,0.7857142857142857
cpu_gpu,HEFT-LC+ctrl,1,313.0653157241566,burst,25.93805390445931,0.02717678387823194,0.0,0.7777777777777778
cpu_gpu,HEFT-LC+ctrl,1,318.0732029977274,burst,33.39439695118074,0.01625487766480946,0.0,0.8
cpu_gpu,HEFT-LC+ctrl,1,324.8741994921314,burst,26.120960834597724,0.015694593373876492,0.0,0.6
cpu_gpu,HEFT-LC+ctrl,1,330.46929332033966,burst,23.852607037504015,0.014617029231980199,0.0,0.4444444444444444
cpu_gpu,HEFT-LC+ctrl,1,333.5223891846825,burst,24.059268647293436,0.015773769578152037,0.0,0.7777777777777778
cpu_gpu,HEFT-LC+ctrl,1,334.18708080353167,burst,15.679974933431481,0.0018508945225878658,0.0,0.75
cpu_gpu,HEFT-LC+ctrl,1,340.3322360136486,burst,14.794210839165089,0.015124376854565786,0.0,0.5714285714285714
cpu_gpu,HEFT-LC+ctrl,1,340.38112605230765,burst,18.016488390819916,0.009225627428644115,0.0,0.5
cpu_gpu,HEFT-LC+ctrl,1,341.061422642891,burst,19.082390337959623,0.012017643414250627,0.0,0.7
cpu_gpu,HEFT-LC+ctrl,1,351.18033064796117,burst,18.46851584067099,0.00933335224305934,0.0,0.7272727272727273
cpu_gpu,HEFT-LC+ctrl,1,355.2228745448065,burst,19.715922303266154,0.01044628710845719,0.0,0.6666666666666666
cpu_gpu,HEFT-LC+ctrl,1,356.6248500836989,burst,19.03796910034066,0.009430970283435269,0.0,0.7857142857142857
cpu_gpu,HEFT-LC+ctrl,1,359.00347212258936,burst,10.397195689323041,0.002824710610415179,0.0,0.3333333333333333
cpu_gpu,HEFT-LC+ctrl,1,359.0635588480776,burst,8.330840792832703,0.006991607783052594,0.0,0.625
cpu_gpu,HEFT-LC+ctrl,1,363.1283720504044,burst,10.411954782237729,0.004246587364701727,0.0,0.7
cpu_gpu,HEFT-LC+ctrl,1,368.45687762271075,burst,10.347827866031423,0.010531043313946251,0.0,0.8
cpu_gpu,HEFT-LC+ctrl,1,370.1314051440857,burst,20.323532450032076,0.011799649524649616,0.0,0.7857142857142857
cpu_gpu,HEFT-LC+ctrl,1,370.33335117281473,burst,15.683280394368467,0.004112885981856784,0.0,0.875
cpu_gpu,HEFT-LC+ctrl,1,371.55281971789765,burst,16.68914422272468,0.01136773460948665,0.0,0.6428571428571429
cpu_gpu,HEFT-LC+ctrl,1,372.1268917222074,burst,24.202991217940166,0.010965816398437488,0.0,0.625
cpu_gpu,HEFT-LC+ctrl,1,377.8320542985591,burst,17.71482930574774,0.007780407696531846,0.0,0.7
cpu_gpu,HEFT-LC+ctrl,1,381.0834258302367,burst,8.740237327963996,0.0035996559963431016,0.0,0.5
cpu_gpu,HEFT-LC+ctrl,1,383.9229855890369,burst,10.334148530506297,0.0057768875748177495,0.0,0.75
cpu_gpu,HEFT-LC+ctrl,1,393.1892444242728,burst,9.914748211228527,0.003137255703279559,0.0,0.625
cpu_gpu,HEFT-LC+ctrl,1,396.3461804965384,burst,6.68238005901668,0.004974216190252158,0.0,0.6666666666666666
cpu_gpu,HEFT-LC+ctrl,1,402.84175102466054,burst,12.533820188917161,0.007096327293933651,0.0,0.75
cpu_gpu,HEFT-LC+ctrl,1,404.7110416890446,burst,22.281797711706417,0.009988906867388837,0.0,0.6363636363636364
cpu_gpu,HEFT-LC+ctrl,1,406.11559360695577,burst,21.23230013079808,0.007281923579403982,0.0,0.5714285714285714
cpu_gpu,HEFT-LC+ctrl,1,407.006958726302,burst,16.306489286685633,0.005538639144274305,0.0,0.7142857142857143
cpu_gpu,HEFT-LC+ctrl,1,415.0702309086871,burst,15.895184855340517,0.003766671448723226,0.0,0.8333333333333334
cpu_gpu,HEFT-LC+ctrl,1,421.20250704907545,burst,9.981035467077277,0.0052553167366574125,0.0,0.75
cpu_gpu,HEFT-LC+ctrl,1,427.937732754254,burst,26.227360192255105,0.015714005642597555,0.0,0.9333333333333333
cpu_gpu,HEFT-LC+ctrl,1,428.42248550734973,burst,31.798773568460092,0.012201311314140756,0.0,0.5714285714285714
cpu_gpu,HEFT-LC+ctrl,1,428.6758534589876,burst,20.116390803874538,0.00500960147517309,0.0,0.625
cpu_gpu,HEFT-LC+ctrl,1,429.08190910017066,burst,15.62548248834355,0.008830125633161313,0.0,0.6666666666666666
cpu_gpu,HEFT-LC+ctrl,1,431.90120651799486,burst,20.580094675221403,0.008886722254973693,0.0,0.6666666666666666
cpu_gpu,HEFT-LC+ctrl,1,439.2821478139949,burst,21.17396617216184,0.004085372378061194,0.0,0.5333333333333333
cpu_gpu,HEFT-LC+ctrl,1,446.8511252811305,burst,10.794548255897439,0.003133875471558899,0.0,0.625
cpu_gpu,HEFT-LC+ctrl,1,450.02139621144084,burst,6.29956949653058,0.0010620084279157236,0.0,0.5
cpu_gpu,HEFT-LC+ctrl,1,450.93457803603513,burst,7.719234844207676,0.006863036611800675,0.0,0.875
cpu_gpu,HEFT-LC+ctrl,1,451.5451848755927,burst,11.521238491009399,0.002731909993348973,0.0,0.625
cpu_gpu,HEFT-LC+ctrl,1,459.60010294466326,burst,10.105307162274244,0.009051892329204074,0.0,0.75
cpu_gpu,HEFT-LC+ctrl,1,462.2633443997587,burst,20.047939774190013,0.004673331652615805,0.0,0.8
cpu_gpu,HEFT-LC+ctrl,1,463.53624500401924,burst,12.410571083989907,0.004574882854878246,0.0,0.6428571428571429
cpu_gpu,HEFT-LC+ctrl,1,466.56209127953707,burst,9.916688877968454,0.004765178145120608,0.0,0.5
cpu_gpu,HEFT-LC+ctrl,1,474.71663556997123,burst,17.3985135850221,0.006436703869277008,0.0,0.7777777777777778
cpu_gpu,HEFT-LC+ctrl,1,475.6758550449455,burst,22.980313470176952,0.007139065538621419,0.0,0.8333333333333334
cpu_gpu,HEFT-LC+ctrl,1,477.78533104969483,burst,19.51185126649557,0.004443221759129314,0.0,0.625
cpu_gpu,HEFT-LC+ctrl,1,478.52587739687607,burst,10.101407605425266,0.0027340941328463653,0.0,0.5
cpu_gpu,HEFT-LC+ctrl,1,478.84203596151053,burst,10.720286413477083,0.004763408743290492,0.0,0.5
cpu_gpu,HEFT-LC+ctrl,1,490.1725097796844,burst,13.3429888191082,0.003627008471628933,0.0,0.625
cpu_gpu,HEFT-LC+ctrl,1,491.52906425592954,burst,13.120273864607043,0.008095570408522636,0.0,0.7
cpu_gpu,HEFT-LC+ctrl,1,492.4662887380711,burst,13.795012729978453,0.0009289933607507426,0.0,0.75
cpu_gpu,HEFT-LC+ctrl,1,495.13691713660876,burst,8.976972085025182,0.005505829696718857,0.0,0.7142857142857143
cpu_gpu,HEFT-LC+ctrl,1,499.76762905942985,burst,9.857014190979157,0.0021218550329503345,0.0,0.5
cpu_gpu,HEFT-LC+ctrl,1,502.08766388507365,burst,14.584168330297416,0.007103973690815226,0.0,0.7142857142857143
cpu_gpu,HEFT-LC+ctrl,1,507.0778059596189,burst,21.144664657561975,0.007267053324035735,0.0,0.6363636363636364
cpu_gpu,HEFT-LC+ctrl,1,507.4545786000039,burst,21.98780511043094,0.005892185579852097,0.0,0.5
cpu_gpu,HEFT-LC+ctrl,1,507.9046386190492,burst,15.591268036918336,0.005071516894030511,0.0,0.8
cpu_gpu,HEFT-LC+ctrl,1,512.9478462084874,burst,21.316905441811627,0.008700554264409405,0.0,0.8333333333333334
cpu_gpu,HEFT-LC+ctrl,1,519.0714540136929,burst,17.348550461335208,0.0037601252190973713,0.0,0.625
cpu_gpu,HEFT-LC+ctrl,1,520.9606464561078,burst,11.959441650614735,0.003032893138381634,0.0,0.8
cpu_gpu,HEFT-LC+ctrl,1,521.9311017098074,burst,18.05760555260599,0.007788393072373873,0.0,0.8571428571428571
cpu_gpu,HEFT-LC+ctrl,1,524.5873904970161,burst,18.78524844229878,0.004698342811497435,0.0,0.625
cpu_gpu,HEFT-LC+ctrl,1,526.2663964962271,burst,11.853052308649012,0.0031107100013454455,0.0,0.6
cpu_gpu,HEFT-LC+ctrl,1,535.2587150509589,burst,23.165276638379623,0.010794410059232044,0.0,0.6
cpu_gpu,HEFT-LC+ctrl,1,535.7548139216382,burst,22.859323982192223,0.0018603989265056113,0.0,0.7272727272727273
cpu_gpu,HEFT-LC+ctrl,1,538.5224074297097,burst,11.550872901484809,0.0029614776232972295,0.0,0.5555555555555556
cpu_gpu,HEFT-LC+ctrl,1,539.1740799896395,burst,12.96991366446116,0.0029192623178154846,0.0,0.7857142857142857
cpu_gpu,HEFT-LC+ctrl,1,542.5713613939081,burst,13.661682957178982,0.005000711285236484,0.0,0.7857142857142857
cpu_gpu,HEFT-LC+ctrl,1,553.024388321631,burst,22.098447988714156,0.005472647302660304,0.0,0.8333333333333334
cpu_gpu,HEFT-LC+ctrl,1,561.3492688967424,burst,13.179737611053838,0.0025665099295588928,0.0,0.6666666666666666
cpu_gpu,HEFT-LC+ctrl,1,566.1509866380918,burst,12.448014434076072,0.0045353032574665325,0.0,0.8
cpu_gpu,HEFT-LC+ctrl,1,567.3965824314713,burst,14.89099904267539,0.005114411638605645,0.0,0.625
cpu_gpu,HEFT-LC+ctrl,1,571.4241074768798,burst,16.600722737106935,0.003357308747285542,0.0,0.5
cpu_gpu,HEFT-LC+ctrl,1,582.1602681196438,burst,17.714201159617687,0.004862988169768362,0.0,0.6666666666666666
cpu_gpu,HEFT-LC+ctrl,1,582.9783116085599,burst,13.134394506181138,0.0020753096575618643,0.0,0.625
cpu_gpu,HEFT-LC+ctrl,1,586.7935160346323,burst,11.545877648952569,0.005392255551507514,0.0,0.8
cpu_gpu,HEFT-LC+ctrl,1,589.4126873057335,burst,16.28282812095199,0.004045678615352423,0.0,0.625
cpu_gpu,HEFT-LC+ctrl,1,592.712913314333,burst,16.30815568044477,0.004480318470406217,0.0,0.6
cpu_gpu,HEFT-LC+ctrl,1,604.3168056351491,burst,15.121403897994696,0.0017618732999423738,0.0,1.0
cpu_gpu,HEFT-LC+ctrl,1,608.2427589315836,mr,15.26213194688296,0.002355955943824037,0.0,0.7142857142857143
cpu_gpu,HEFT-LC+ctrl,1,626.9985087533674,mr,15.482844467763016,0.0045649943843850144,0.0,0.6666666666666666
cpu_gpu,HEFT-LC+ctrl,1,627.8988596510487,mr,16.512252201891783,0.005887598953809146,0.0,0.7777777777777778
cpu_gpu,HEFT-LC+ctrl,1,631.6610781305573,mr,18.414589692776303,0.0027954648742616224,0.0,0.5833333333333334
cpu_gpu,HEFT-LC+ctrl,1,633.8295884688899,mr,12.439929270473726,0.0033177676857994846,0.0,0.6666666666666666
cpu_gpu,HEFT-LC+ctrl,1,637.6804547732984,mr,10.033364487924928,0.0026763851350150012,0.0,0.625
cpu_gpu,HEFT-LC+ctrl,1,639.2233554466878,mr,9.049637253895412,0.0023468478929919746,0.0,0.6666666666666666
cpu_gpu,HEFT-LC+ctrl,1,645.0984011560851,mr,9.134058736927045,0.0022550655112501842,0.0,0.6666666666666666
cpu_gpu,HEFT-LC+ctrl,1,648.0420094075467,mr,9.526735096716038,0.004010548579995091,0.0,0.7777777777777778
cpu_gpu,HEFT-LC+ctrl,1,662.1179132111467,mr,9.135455920108257,0.0005859706029187681,0.0,0.8333333333333334
cpu_gpu,HEFT-LC+ctrl,1,667.7336692205542,mr,5.057167109228999,0.0021039701063246,0.0,0.5714285714285714
cpu_gpu,HEFT-LC+ctrl,1,672.3596052495283,mr,13.460132826714698,0.0033261573802552875,0.0,0.7
cpu_gpu,HEFT-LC+ctrl,1,674.9669421112076,mr,8.125082465471905,0.0006141463063451479,0.0,0.7272727272727273
cpu_gpu,HEFT-LC+ctrl,1,680.1335961814996,mr,7.27531818470743,0.0025306321300809192,0.0,0.7857142857142857
cpu_gpu,HEFT-LC+ctrl,1,680.9337149982318,mr,13.557152255511483,0.005575775543915927,0.0,0.7142857142857143
cpu_gpu,HEFT-LC+ctrl,1,687.6625093279575,mr,15.355631961927656,0.001688295671730069,0.0,0.7777777777777778
cpu_gpu,HEFT-LC+ctrl,1,689.1408001361905,mr,14.285680181524526,0.0038011901402964037,0.0,0.6363636363636364
cpu_gpu,HEFT-LC+ctrl,1,697.4424205589062,mr,14.737101324047217,0.003243664652325311,0.0,0.7857142857142857
cpu_gpu,HEFT-LC+ctrl,1,704.8101199200481,mr,12.865963311702899,0.0020894523907989274,0.0,0.7272727272727273
cpu_gpu,HEFT-LC+ctrl,1,708.5094433067006,mr,9.463896975259104,0.002594982382551575,0.0,0.7777777777777778
cpu_gpu,HEFT-LC+ctrl,1,716.5249099763913,mr,12.991032020987632,0.0031312347432153947,0.0,0.5555555555555556
cpu_gpu,HEFT-LC+ctrl,1,739.2674460312743,mr,12.284614337321841,0.0030427260491544847,0.0,0.6666666666666666
cpu_gpu,HEFT-LC+ctrl,1,749.3270925188037,mr,8.948222171882435,0.001998793394212962,0.0,0.5714285714285714
cpu_gpu,HEFT-LC+ctrl,1,760.5881753400641,mr,11.997989932422797,0.003280714668284272,0.0,0.7
cpu_gpu,HEFT-LC+ctrl,1,764.1186200270017,mr,14.223947123924063,0.0026967187177820836,0.0,0.6
cpu_gpu,HEFT-LC+ctrl,1,768.5366303353724,mr,11.09261377007897,0.002934689371243299,0.0,0.5
cpu_gpu,HEFT-LC+ctrl,1,774.4909709818825,mr,10.259252703732727,0.0015976420652179105,0.0,0.5555555555555556
cpu_gpu,HEFT-LC+ctrl,1,775.6862553892065,mr,10.834827532426289,0.004230993075614126,0.0,0.7142857142857143
cpu_gpu,HEFT-LC+ctrl,1,782.4230940329466,mr,12.795306455764603,0.0034491793720380247,0.0,0.5714285714285714
cpu_gpu,HEFT-LC+ctrl,1,796.901618664032,mr,10.508032297352656,0.0020222738859884152,0.0,0.5555555555555556
cpu_gpu,HEFT-LC+ctrl,1,801.6779822868573,mr,14.271499315803567,0.003834062537156091,0.0,0.4444444444444444
cpu_gpu,HEFT-LC+ctrl,1,807.9496712418162,mr,12.768006894404152,0.0025276022392702697,0.0,0.5
cpu_gpu,HEFT-LC+ctrl,1,818.3466166541726,mr,13.251865630040129,0.002879483530470273,0.0,0.5
cpu_gpu,HEFT-LC+ctrl,1,840.4691249241513,mr,10.024586389518845,0.001755160161053003,0.0,0.7
cpu_gpu,HEFT-LC+ctrl,1,843.9035632871318,mr,14.493797647137853,0.002492118256046676,0.0,0.6363636363636364
cpu_gpu,HEFT-LC+ctrl,1,854.1637977069333,mr,11.604826387110961,0.0019259010125947725,0.0,0.5555555555555556
cpu_gpu,HEFT-LC+ctrl,1,858.071968941704,mr,12.089431684745477,0.0034644830821586,0.0,0.7857142857142857
cpu_gpu,HEFT-LC+ctrl,1,862.172368801492,mr,10.505144038531853,0.001457984614670351,0.0,0.7857142857142857
cpu_gpu,HEFT-LC+ctrl,1,865.1589775814797,mr,10.001686968090098,0.0018824624088933162,0.0,0.6666666666666666
cpu_gpu,HEFT-LC+ctrl,1,872.7844092664135,mr,8.85125010474917,0.0014192878079528329,0.0,0.7777777777777778
cpu_gpu,HEFT-LC+ctrl,1,890.3813818639535,mr,9.522451301833598,0.00368508036754971,0.0,0.6666666666666666
cpu_gpu,HEFT-LC+ctrl,1,898.0467042697198,mr,14.660541786943213,0.0025479799940164045,0.0,0.6
